equipment_id,equipment_type,equipment_name,organization,sido_code,sigungu_code,status,current_worker_id,battery_percent,inspection_due_at,last_inspected_at,base_lat,base_lon,is_active,dataset_version,import_batch_id
EQ000001,DRONE,산림예찰 드론 1,포항시 산림관리부서,47,47110,AVAILABLE,,62,2026-09-30,2026-06-30,36.019,129.3435,1,2.0,WF_V2_20260717_01
EQ000002,DRONE,산림예찰 드론 2,포항시 산림관리부서,47,47110,AVAILABLE,,60,2026-09-30,2026-06-30,36.019,129.3435,1,2.0,WF_V2_20260717_01
EQ000003,VEHICLE,현장출동 차량 1,포항시 산림관리부서,47,47110,AVAILABLE,,,2026-09-30,2026-06-30,36.019,129.3435,1,2.0,WF_V2_20260717_01
EQ000004,VEHICLE,현장출동 차량 2,포항시 산림관리부서,47,47110,MAINTENANCE,,,2026-09-30,2026-06-30,36.019,129.3435,1,2.0,WF_V2_20260717_01
EQ000005,VEHICLE,현장출동 차량 3,포항시 산림관리부서,47,47110,AVAILABLE,,,2026-09-30,2026-06-30,36.019,129.3435,1,2.0,WF_V2_20260717_01
EQ000006,GPS_DEVICE,휴대용 GPS 1,포항시 산림관리부서,47,47110,IN_USE,,72,2026-09-30,2026-06-30,36.019,129.3435,1,2.0,WF_V2_20260717_01
EQ000007,GPS_DEVICE,휴대용 GPS 2,포항시 산림관리부서,47,47110,AVAILABLE,,100,2026-09-30,2026-06-30,36.019,129.3435,1,2.0,WF_V2_20260717_01
EQ000008,GPS_DEVICE,휴대용 GPS 3,포항시 산림관리부서,47,47110,MAINTENANCE,,65,2026-09-30,2026-06-30,36.019,129.3435,1,2.0,WF_V2_20260717_01
EQ000009,GPS_DEVICE,휴대용 GPS 4,포항시 산림관리부서,47,47110,AVAILABLE,,74,2026-09-30,2026-06-30,36.019,129.3435,1,2.0,WF_V2_20260717_01
EQ000010,SAFETY_KIT,안전장비 세트 1,포항시 산림관리부서,47,47110,AVAILABLE,,,2026-09-30,2026-06-30,36.019,129.3435,1,2.0,WF_V2_20260717_01
EQ000011,SAFETY_KIT,안전장비 세트 2,포항시 산림관리부서,47,47110,AVAILABLE,,,2026-09-30,2026-06-30,36.019,129.3435,1,2.0,WF_V2_20260717_01
EQ000012,SAFETY_KIT,안전장비 세트 3,포항시 산림관리부서,47,47110,AVAILABLE,,,2026-09-30,2026-06-30,36.019,129.3435,1,2.0,WF_V2_20260717_01
EQ000013,SAFETY_KIT,안전장비 세트 4,포항시 산림관리부서,47,47110,AVAILABLE,,,2026-09-30,2026-06-30,36.019,129.3435,1,2.0,WF_V2_20260717_01
EQ000014,SAFETY_KIT,안전장비 세트 5,포항시 산림관리부서,47,47110,AVAILABLE,,,2026-09-30,2026-06-30,36.019,129.3435,1,2.0,WF_V2_20260717_01
EQ000015,SPRAYER,방제 분무장비 1,포항시 산림관리부서,47,47110,IN_USE,,,2026-09-30,2026-06-30,36.019,129.3435,1,2.0,WF_V2_20260717_01
EQ000016,SPRAYER,방제 분무장비 2,포항시 산림관리부서,47,47110,IN_USE,,,2026-09-30,2026-06-30,36.019,129.3435,1,2.0,WF_V2_20260717_01
EQ000017,DRONE,산림예찰 드론 1,경주시 산림관리부서,47,47130,AVAILABLE,,64,2026-09-30,2026-06-30,35.8562,129.2247,1,2.0,WF_V2_20260717_01
EQ000018,DRONE,산림예찰 드론 2,경주시 산림관리부서,47,47130,AVAILABLE,,72,2026-09-30,2026-06-30,35.8562,129.2247,1,2.0,WF_V2_20260717_01
EQ000019,VEHICLE,현장출동 차량 1,경주시 산림관리부서,47,47130,AVAILABLE,,,2026-09-30,2026-06-30,35.8562,129.2247,1,2.0,WF_V2_20260717_01
EQ000020,VEHICLE,현장출동 차량 2,경주시 산림관리부서,47,47130,AVAILABLE,,,2026-09-30,2026-06-30,35.8562,129.2247,1,2.0,WF_V2_20260717_01
EQ000021,VEHICLE,현장출동 차량 3,경주시 산림관리부서,47,47130,AVAILABLE,,,2026-09-30,2026-06-30,35.8562,129.2247,1,2.0,WF_V2_20260717_01
EQ000022,GPS_DEVICE,휴대용 GPS 1,경주시 산림관리부서,47,47130,AVAILABLE,,63,2026-09-30,2026-06-30,35.8562,129.2247,1,2.0,WF_V2_20260717_01
EQ000023,GPS_DEVICE,휴대용 GPS 2,경주시 산림관리부서,47,47130,AVAILABLE,,60,2026-09-30,2026-06-30,35.8562,129.2247,1,2.0,WF_V2_20260717_01
EQ000024,GPS_DEVICE,휴대용 GPS 3,경주시 산림관리부서,47,47130,AVAILABLE,,62,2026-09-30,2026-06-30,35.8562,129.2247,1,2.0,WF_V2_20260717_01
EQ000025,GPS_DEVICE,휴대용 GPS 4,경주시 산림관리부서,47,47130,AVAILABLE,,70,2026-09-30,2026-06-30,35.8562,129.2247,1,2.0,WF_V2_20260717_01
EQ000026,SAFETY_KIT,안전장비 세트 1,경주시 산림관리부서,47,47130,AVAILABLE,,,2026-09-30,2026-06-30,35.8562,129.2247,1,2.0,WF_V2_20260717_01
EQ000027,SAFETY_KIT,안전장비 세트 2,경주시 산림관리부서,47,47130,AVAILABLE,,,2026-09-30,2026-06-30,35.8562,129.2247,1,2.0,WF_V2_20260717_01
EQ000028,SAFETY_KIT,안전장비 세트 3,경주시 산림관리부서,47,47130,AVAILABLE,,,2026-09-30,2026-06-30,35.8562,129.2247,1,2.0,WF_V2_20260717_01
EQ000029,SAFETY_KIT,안전장비 세트 4,경주시 산림관리부서,47,47130,AVAILABLE,,,2026-09-30,2026-06-30,35.8562,129.2247,1,2.0,WF_V2_20260717_01
EQ000030,SAFETY_KIT,안전장비 세트 5,경주시 산림관리부서,47,47130,AVAILABLE,,,2026-09-30,2026-06-30,35.8562,129.2247,1,2.0,WF_V2_20260717_01
EQ000031,SPRAYER,방제 분무장비 1,경주시 산림관리부서,47,47130,IN_USE,,,2026-09-30,2026-06-30,35.8562,129.2247,1,2.0,WF_V2_20260717_01
EQ000032,SPRAYER,방제 분무장비 2,경주시 산림관리부서,47,47130,MAINTENANCE,,,2026-09-30,2026-06-30,35.8562,129.2247,1,2.0,WF_V2_20260717_01
EQ000033,DRONE,산림예찰 드론 1,안동시 산림관리부서,47,47170,AVAILABLE,,64,2026-09-30,2026-06-30,36.5684,128.7294,1,2.0,WF_V2_20260717_01
EQ000034,DRONE,산림예찰 드론 2,안동시 산림관리부서,47,47170,IN_USE,,83,2026-09-30,2026-06-30,36.5684,128.7294,1,2.0,WF_V2_20260717_01
EQ000035,VEHICLE,현장출동 차량 1,안동시 산림관리부서,47,47170,AVAILABLE,,,2026-09-30,2026-06-30,36.5684,128.7294,1,2.0,WF_V2_20260717_01
EQ000036,VEHICLE,현장출동 차량 2,안동시 산림관리부서,47,47170,IN_USE,,,2026-09-30,2026-06-30,36.5684,128.7294,1,2.0,WF_V2_20260717_01
EQ000037,VEHICLE,현장출동 차량 3,안동시 산림관리부서,47,47170,MAINTENANCE,,,2026-09-30,2026-06-30,36.5684,128.7294,1,2.0,WF_V2_20260717_01
EQ000038,GPS_DEVICE,휴대용 GPS 1,안동시 산림관리부서,47,47170,MAINTENANCE,,90,2026-09-30,2026-06-30,36.5684,128.7294,1,2.0,WF_V2_20260717_01
EQ000039,GPS_DEVICE,휴대용 GPS 2,안동시 산림관리부서,47,47170,AVAILABLE,,71,2026-09-30,2026-06-30,36.5684,128.7294,1,2.0,WF_V2_20260717_01
EQ000040,GPS_DEVICE,휴대용 GPS 3,안동시 산림관리부서,47,47170,AVAILABLE,,92,2026-09-30,2026-06-30,36.5684,128.7294,1,2.0,WF_V2_20260717_01
EQ000041,GPS_DEVICE,휴대용 GPS 4,안동시 산림관리부서,47,47170,AVAILABLE,,86,2026-09-30,2026-06-30,36.5684,128.7294,1,2.0,WF_V2_20260717_01
EQ000042,SAFETY_KIT,안전장비 세트 1,안동시 산림관리부서,47,47170,AVAILABLE,,,2026-09-30,2026-06-30,36.5684,128.7294,1,2.0,WF_V2_20260717_01
EQ000043,SAFETY_KIT,안전장비 세트 2,안동시 산림관리부서,47,47170,AVAILABLE,,,2026-09-30,2026-06-30,36.5684,128.7294,1,2.0,WF_V2_20260717_01
EQ000044,SAFETY_KIT,안전장비 세트 3,안동시 산림관리부서,47,47170,AVAILABLE,,,2026-09-30,2026-06-30,36.5684,128.7294,1,2.0,WF_V2_20260717_01
EQ000045,SAFETY_KIT,안전장비 세트 4,안동시 산림관리부서,47,47170,AVAILABLE,,,2026-09-30,2026-06-30,36.5684,128.7294,1,2.0,WF_V2_20260717_01
EQ000046,SAFETY_KIT,안전장비 세트 5,안동시 산림관리부서,47,47170,AVAILABLE,,,2026-09-30,2026-06-30,36.5684,128.7294,1,2.0,WF_V2_20260717_01
EQ000047,SPRAYER,방제 분무장비 1,안동시 산림관리부서,47,47170,MAINTENANCE,,,2026-09-30,2026-06-30,36.5684,128.7294,1,2.0,WF_V2_20260717_01
EQ000048,SPRAYER,방제 분무장비 2,안동시 산림관리부서,47,47170,AVAILABLE,,,2026-09-30,2026-06-30,36.5684,128.7294,1,2.0,WF_V2_20260717_01
EQ000049,DRONE,산림예찰 드론 1,구미시 산림관리부서,47,47190,AVAILABLE,,66,2026-09-30,2026-06-30,36.1195,128.3446,1,2.0,WF_V2_20260717_01
EQ000050,DRONE,산림예찰 드론 2,구미시 산림관리부서,47,47190,MAINTENANCE,,97,2026-09-30,2026-06-30,36.1195,128.3446,1,2.0,WF_V2_20260717_01
EQ000051,VEHICLE,현장출동 차량 1,구미시 산림관리부서,47,47190,MAINTENANCE,,,2026-09-30,2026-06-30,36.1195,128.3446,1,2.0,WF_V2_20260717_01
EQ000052,VEHICLE,현장출동 차량 2,구미시 산림관리부서,47,47190,MAINTENANCE,,,2026-09-30,2026-06-30,36.1195,128.3446,1,2.0,WF_V2_20260717_01
EQ000053,VEHICLE,현장출동 차량 3,구미시 산림관리부서,47,47190,AVAILABLE,,,2026-09-30,2026-06-30,36.1195,128.3446,1,2.0,WF_V2_20260717_01
EQ000054,GPS_DEVICE,휴대용 GPS 1,구미시 산림관리부서,47,47190,AVAILABLE,,67,2026-09-30,2026-06-30,36.1195,128.3446,1,2.0,WF_V2_20260717_01
EQ000055,GPS_DEVICE,휴대용 GPS 2,구미시 산림관리부서,47,47190,IN_USE,,75,2026-09-30,2026-06-30,36.1195,128.3446,1,2.0,WF_V2_20260717_01
EQ000056,GPS_DEVICE,휴대용 GPS 3,구미시 산림관리부서,47,47190,IN_USE,,62,2026-09-30,2026-06-30,36.1195,128.3446,1,2.0,WF_V2_20260717_01
EQ000057,GPS_DEVICE,휴대용 GPS 4,구미시 산림관리부서,47,47190,MAINTENANCE,,78,2026-09-30,2026-06-30,36.1195,128.3446,1,2.0,WF_V2_20260717_01
EQ000058,SAFETY_KIT,안전장비 세트 1,구미시 산림관리부서,47,47190,AVAILABLE,,,2026-09-30,2026-06-30,36.1195,128.3446,1,2.0,WF_V2_20260717_01
EQ000059,SAFETY_KIT,안전장비 세트 2,구미시 산림관리부서,47,47190,IN_USE,,,2026-09-30,2026-06-30,36.1195,128.3446,1,2.0,WF_V2_20260717_01
EQ000060,SAFETY_KIT,안전장비 세트 3,구미시 산림관리부서,47,47190,MAINTENANCE,,,2026-09-30,2026-06-30,36.1195,128.3446,1,2.0,WF_V2_20260717_01
EQ000061,SAFETY_KIT,안전장비 세트 4,구미시 산림관리부서,47,47190,IN_USE,,,2026-09-30,2026-06-30,36.1195,128.3446,1,2.0,WF_V2_20260717_01
EQ000062,SAFETY_KIT,안전장비 세트 5,구미시 산림관리부서,47,47190,AVAILABLE,,,2026-09-30,2026-06-30,36.1195,128.3446,1,2.0,WF_V2_20260717_01
EQ000063,SPRAYER,방제 분무장비 1,구미시 산림관리부서,47,47190,AVAILABLE,,,2026-09-30,2026-06-30,36.1195,128.3446,1,2.0,WF_V2_20260717_01
EQ000064,SPRAYER,방제 분무장비 2,구미시 산림관리부서,47,47190,AVAILABLE,,,2026-09-30,2026-06-30,36.1195,128.3446,1,2.0,WF_V2_20260717_01
EQ000065,DRONE,산림예찰 드론 1,상주시 산림관리부서,47,47250,AVAILABLE,,88,2026-09-30,2026-06-30,36.4109,128.1591,1,2.0,WF_V2_20260717_01
EQ000066,VEHICLE,현장출동 차량 1,상주시 산림관리부서,47,47250,AVAILABLE,,,2026-09-30,2026-06-30,36.4109,128.1591,1,2.0,WF_V2_20260717_01
EQ000067,VEHICLE,현장출동 차량 2,상주시 산림관리부서,47,47250,AVAILABLE,,,2026-09-30,2026-06-30,36.4109,128.1591,1,2.0,WF_V2_20260717_01
EQ000068,GPS_DEVICE,휴대용 GPS 1,상주시 산림관리부서,47,47250,AVAILABLE,,71,2026-09-30,2026-06-30,36.4109,128.1591,1,2.0,WF_V2_20260717_01
EQ000069,GPS_DEVICE,휴대용 GPS 2,상주시 산림관리부서,47,47250,AVAILABLE,,85,2026-09-30,2026-06-30,36.4109,128.1591,1,2.0,WF_V2_20260717_01
EQ000070,GPS_DEVICE,휴대용 GPS 3,상주시 산림관리부서,47,47250,MAINTENANCE,,90,2026-09-30,2026-06-30,36.4109,128.1591,1,2.0,WF_V2_20260717_01
EQ000071,SAFETY_KIT,안전장비 세트 1,상주시 산림관리부서,47,47250,AVAILABLE,,,2026-09-30,2026-06-30,36.4109,128.1591,1,2.0,WF_V2_20260717_01
EQ000072,SAFETY_KIT,안전장비 세트 2,상주시 산림관리부서,47,47250,AVAILABLE,,,2026-09-30,2026-06-30,36.4109,128.1591,1,2.0,WF_V2_20260717_01
EQ000073,SAFETY_KIT,안전장비 세트 3,상주시 산림관리부서,47,47250,MAINTENANCE,,,2026-09-30,2026-06-30,36.4109,128.1591,1,2.0,WF_V2_20260717_01
EQ000074,SAFETY_KIT,안전장비 세트 4,상주시 산림관리부서,47,47250,AVAILABLE,,,2026-09-30,2026-06-30,36.4109,128.1591,1,2.0,WF_V2_20260717_01
EQ000075,SPRAYER,방제 분무장비 1,상주시 산림관리부서,47,47250,AVAILABLE,,,2026-09-30,2026-06-30,36.4109,128.1591,1,2.0,WF_V2_20260717_01
EQ000076,SPRAYER,방제 분무장비 2,상주시 산림관리부서,47,47250,AVAILABLE,,,2026-09-30,2026-06-30,36.4109,128.1591,1,2.0,WF_V2_20260717_01
EQ000077,DRONE,산림예찰 드론 1,문경시 산림관리부서,47,47280,AVAILABLE,,69,2026-09-30,2026-06-30,36.5865,128.1868,1,2.0,WF_V2_20260717_01
EQ000078,VEHICLE,현장출동 차량 1,문경시 산림관리부서,47,47280,AVAILABLE,,,2026-09-30,2026-06-30,36.5865,128.1868,1,2.0,WF_V2_20260717_01
EQ000079,VEHICLE,현장출동 차량 2,문경시 산림관리부서,47,47280,AVAILABLE,,,2026-09-30,2026-06-30,36.5865,128.1868,1,2.0,WF_V2_20260717_01
EQ000080,GPS_DEVICE,휴대용 GPS 1,문경시 산림관리부서,47,47280,MAINTENANCE,,91,2026-09-30,2026-06-30,36.5865,128.1868,1,2.0,WF_V2_20260717_01
EQ000081,GPS_DEVICE,휴대용 GPS 2,문경시 산림관리부서,47,47280,IN_USE,,81,2026-09-30,2026-06-30,36.5865,128.1868,1,2.0,WF_V2_20260717_01
EQ000082,GPS_DEVICE,휴대용 GPS 3,문경시 산림관리부서,47,47280,IN_USE,,100,2026-09-30,2026-06-30,36.5865,128.1868,1,2.0,WF_V2_20260717_01
EQ000083,SAFETY_KIT,안전장비 세트 1,문경시 산림관리부서,47,47280,AVAILABLE,,,2026-09-30,2026-06-30,36.5865,128.1868,1,2.0,WF_V2_20260717_01
EQ000084,SAFETY_KIT,안전장비 세트 2,문경시 산림관리부서,47,47280,IN_USE,,,2026-09-30,2026-06-30,36.5865,128.1868,1,2.0,WF_V2_20260717_01
EQ000085,SAFETY_KIT,안전장비 세트 3,문경시 산림관리부서,47,47280,AVAILABLE,,,2026-09-30,2026-06-30,36.5865,128.1868,1,2.0,WF_V2_20260717_01
EQ000086,SAFETY_KIT,안전장비 세트 4,문경시 산림관리부서,47,47280,AVAILABLE,,,2026-09-30,2026-06-30,36.5865,128.1868,1,2.0,WF_V2_20260717_01
EQ000087,SPRAYER,방제 분무장비 1,문경시 산림관리부서,47,47280,AVAILABLE,,,2026-09-30,2026-06-30,36.5865,128.1868,1,2.0,WF_V2_20260717_01
EQ000088,SPRAYER,방제 분무장비 2,문경시 산림관리부서,47,47280,AVAILABLE,,,2026-09-30,2026-06-30,36.5865,128.1868,1,2.0,WF_V2_20260717_01
EQ000089,DRONE,산림예찰 드론 1,경산시 산림관리부서,47,47290,AVAILABLE,,100,2026-09-30,2026-06-30,35.8251,128.7415,1,2.0,WF_V2_20260717_01
EQ000090,VEHICLE,현장출동 차량 1,경산시 산림관리부서,47,47290,AVAILABLE,,,2026-09-30,2026-06-30,35.8251,128.7415,1,2.0,WF_V2_20260717_01
EQ000091,VEHICLE,현장출동 차량 2,경산시 산림관리부서,47,47290,AVAILABLE,,,2026-09-30,2026-06-30,35.8251,128.7415,1,2.0,WF_V2_20260717_01
EQ000092,GPS_DEVICE,휴대용 GPS 1,경산시 산림관리부서,47,47290,MAINTENANCE,,86,2026-09-30,2026-06-30,35.8251,128.7415,1,2.0,WF_V2_20260717_01
EQ000093,GPS_DEVICE,휴대용 GPS 2,경산시 산림관리부서,47,47290,AVAILABLE,,90,2026-09-30,2026-06-30,35.8251,128.7415,1,2.0,WF_V2_20260717_01
EQ000094,GPS_DEVICE,휴대용 GPS 3,경산시 산림관리부서,47,47290,AVAILABLE,,92,2026-09-30,2026-06-30,35.8251,128.7415,1,2.0,WF_V2_20260717_01
EQ000095,SAFETY_KIT,안전장비 세트 1,경산시 산림관리부서,47,47290,AVAILABLE,,,2026-09-30,2026-06-30,35.8251,128.7415,1,2.0,WF_V2_20260717_01
EQ000096,SAFETY_KIT,안전장비 세트 2,경산시 산림관리부서,47,47290,MAINTENANCE,,,2026-09-30,2026-06-30,35.8251,128.7415,1,2.0,WF_V2_20260717_01
EQ000097,SAFETY_KIT,안전장비 세트 3,경산시 산림관리부서,47,47290,AVAILABLE,,,2026-09-30,2026-06-30,35.8251,128.7415,1,2.0,WF_V2_20260717_01
EQ000098,SAFETY_KIT,안전장비 세트 4,경산시 산림관리부서,47,47290,AVAILABLE,,,2026-09-30,2026-06-30,35.8251,128.7415,1,2.0,WF_V2_20260717_01
EQ000099,SPRAYER,방제 분무장비 1,경산시 산림관리부서,47,47290,IN_USE,,,2026-09-30,2026-06-30,35.8251,128.7415,1,2.0,WF_V2_20260717_01
EQ000100,SPRAYER,방제 분무장비 2,경산시 산림관리부서,47,47290,IN_USE,,,2026-09-30,2026-06-30,35.8251,128.7415,1,2.0,WF_V2_20260717_01
EQ000101,DRONE,산림예찰 드론 1,창원시 산림관리부서,48,48120,AVAILABLE,,97,2026-09-30,2026-06-30,35.2285,128.6811,1,2.0,WF_V2_20260717_01
EQ000102,DRONE,산림예찰 드론 2,창원시 산림관리부서,48,48120,AVAILABLE,,84,2026-09-30,2026-06-30,35.2285,128.6811,1,2.0,WF_V2_20260717_01
EQ000103,VEHICLE,현장출동 차량 1,창원시 산림관리부서,48,48120,AVAILABLE,,,2026-09-30,2026-06-30,35.2285,128.6811,1,2.0,WF_V2_20260717_01
EQ000104,VEHICLE,현장출동 차량 2,창원시 산림관리부서,48,48120,AVAILABLE,,,2026-09-30,2026-06-30,35.2285,128.6811,1,2.0,WF_V2_20260717_01
EQ000105,VEHICLE,현장출동 차량 3,창원시 산림관리부서,48,48120,AVAILABLE,,,2026-09-30,2026-06-30,35.2285,128.6811,1,2.0,WF_V2_20260717_01
EQ000106,GPS_DEVICE,휴대용 GPS 1,창원시 산림관리부서,48,48120,AVAILABLE,,77,2026-09-30,2026-06-30,35.2285,128.6811,1,2.0,WF_V2_20260717_01
EQ000107,GPS_DEVICE,휴대용 GPS 2,창원시 산림관리부서,48,48120,AVAILABLE,,96,2026-09-30,2026-06-30,35.2285,128.6811,1,2.0,WF_V2_20260717_01
EQ000108,GPS_DEVICE,휴대용 GPS 3,창원시 산림관리부서,48,48120,IN_USE,,91,2026-09-30,2026-06-30,35.2285,128.6811,1,2.0,WF_V2_20260717_01
EQ000109,GPS_DEVICE,휴대용 GPS 4,창원시 산림관리부서,48,48120,AVAILABLE,,74,2026-09-30,2026-06-30,35.2285,128.6811,1,2.0,WF_V2_20260717_01
EQ000110,SAFETY_KIT,안전장비 세트 1,창원시 산림관리부서,48,48120,MAINTENANCE,,,2026-09-30,2026-06-30,35.2285,128.6811,1,2.0,WF_V2_20260717_01
EQ000111,SAFETY_KIT,안전장비 세트 2,창원시 산림관리부서,48,48120,AVAILABLE,,,2026-09-30,2026-06-30,35.2285,128.6811,1,2.0,WF_V2_20260717_01
EQ000112,SAFETY_KIT,안전장비 세트 3,창원시 산림관리부서,48,48120,MAINTENANCE,,,2026-09-30,2026-06-30,35.2285,128.6811,1,2.0,WF_V2_20260717_01
EQ000113,SAFETY_KIT,안전장비 세트 4,창원시 산림관리부서,48,48120,MAINTENANCE,,,2026-09-30,2026-06-30,35.2285,128.6811,1,2.0,WF_V2_20260717_01
EQ000114,SAFETY_KIT,안전장비 세트 5,창원시 산림관리부서,48,48120,MAINTENANCE,,,2026-09-30,2026-06-30,35.2285,128.6811,1,2.0,WF_V2_20260717_01
EQ000115,SPRAYER,방제 분무장비 1,창원시 산림관리부서,48,48120,AVAILABLE,,,2026-09-30,2026-06-30,35.2285,128.6811,1,2.0,WF_V2_20260717_01
EQ000116,SPRAYER,방제 분무장비 2,창원시 산림관리부서,48,48120,AVAILABLE,,,2026-09-30,2026-06-30,35.2285,128.6811,1,2.0,WF_V2_20260717_01
EQ000117,DRONE,산림예찰 드론 1,진주시 산림관리부서,48,48170,AVAILABLE,,86,2026-09-30,2026-06-30,35.18,128.1076,1,2.0,WF_V2_20260717_01
EQ000118,DRONE,산림예찰 드론 2,진주시 산림관리부서,48,48170,AVAILABLE,,98,2026-09-30,2026-06-30,35.18,128.1076,1,2.0,WF_V2_20260717_01
EQ000119,VEHICLE,현장출동 차량 1,진주시 산림관리부서,48,48170,AVAILABLE,,,2026-09-30,2026-06-30,35.18,128.1076,1,2.0,WF_V2_20260717_01
EQ000120,VEHICLE,현장출동 차량 2,진주시 산림관리부서,48,48170,AVAILABLE,,,2026-09-30,2026-06-30,35.18,128.1076,1,2.0,WF_V2_20260717_01
EQ000121,VEHICLE,현장출동 차량 3,진주시 산림관리부서,48,48170,IN_USE,,,2026-09-30,2026-06-30,35.18,128.1076,1,2.0,WF_V2_20260717_01
EQ000122,GPS_DEVICE,휴대용 GPS 1,진주시 산림관리부서,48,48170,AVAILABLE,,95,2026-09-30,2026-06-30,35.18,128.1076,1,2.0,WF_V2_20260717_01
EQ000123,GPS_DEVICE,휴대용 GPS 2,진주시 산림관리부서,48,48170,AVAILABLE,,67,2026-09-30,2026-06-30,35.18,128.1076,1,2.0,WF_V2_20260717_01
EQ000124,GPS_DEVICE,휴대용 GPS 3,진주시 산림관리부서,48,48170,AVAILABLE,,99,2026-09-30,2026-06-30,35.18,128.1076,1,2.0,WF_V2_20260717_01
EQ000125,GPS_DEVICE,휴대용 GPS 4,진주시 산림관리부서,48,48170,AVAILABLE,,71,2026-09-30,2026-06-30,35.18,128.1076,1,2.0,WF_V2_20260717_01
EQ000126,SAFETY_KIT,안전장비 세트 1,진주시 산림관리부서,48,48170,AVAILABLE,,,2026-09-30,2026-06-30,35.18,128.1076,1,2.0,WF_V2_20260717_01
EQ000127,SAFETY_KIT,안전장비 세트 2,진주시 산림관리부서,48,48170,AVAILABLE,,,2026-09-30,2026-06-30,35.18,128.1076,1,2.0,WF_V2_20260717_01
EQ000128,SAFETY_KIT,안전장비 세트 3,진주시 산림관리부서,48,48170,AVAILABLE,,,2026-09-30,2026-06-30,35.18,128.1076,1,2.0,WF_V2_20260717_01
EQ000129,SAFETY_KIT,안전장비 세트 4,진주시 산림관리부서,48,48170,AVAILABLE,,,2026-09-30,2026-06-30,35.18,128.1076,1,2.0,WF_V2_20260717_01
EQ000130,SAFETY_KIT,안전장비 세트 5,진주시 산림관리부서,48,48170,IN_USE,,,2026-09-30,2026-06-30,35.18,128.1076,1,2.0,WF_V2_20260717_01
EQ000131,SPRAYER,방제 분무장비 1,진주시 산림관리부서,48,48170,AVAILABLE,,,2026-09-30,2026-06-30,35.18,128.1076,1,2.0,WF_V2_20260717_01
EQ000132,SPRAYER,방제 분무장비 2,진주시 산림관리부서,48,48170,AVAILABLE,,,2026-09-30,2026-06-30,35.18,128.1076,1,2.0,WF_V2_20260717_01
EQ000133,DRONE,산림예찰 드론 1,김해시 산림관리부서,48,48250,IN_USE,,77,2026-09-30,2026-06-30,35.2285,128.8894,1,2.0,WF_V2_20260717_01
EQ000134,DRONE,산림예찰 드론 2,김해시 산림관리부서,48,48250,AVAILABLE,,71,2026-09-30,2026-06-30,35.2285,128.8894,1,2.0,WF_V2_20260717_01
EQ000135,VEHICLE,현장출동 차량 1,김해시 산림관리부서,48,48250,IN_USE,,,2026-09-30,2026-06-30,35.2285,128.8894,1,2.0,WF_V2_20260717_01
EQ000136,VEHICLE,현장출동 차량 2,김해시 산림관리부서,48,48250,AVAILABLE,,,2026-09-30,2026-06-30,35.2285,128.8894,1,2.0,WF_V2_20260717_01
EQ000137,VEHICLE,현장출동 차량 3,김해시 산림관리부서,48,48250,IN_USE,,,2026-09-30,2026-06-30,35.2285,128.8894,1,2.0,WF_V2_20260717_01
EQ000138,GPS_DEVICE,휴대용 GPS 1,김해시 산림관리부서,48,48250,AVAILABLE,,63,2026-09-30,2026-06-30,35.2285,128.8894,1,2.0,WF_V2_20260717_01
EQ000139,GPS_DEVICE,휴대용 GPS 2,김해시 산림관리부서,48,48250,MAINTENANCE,,79,2026-09-30,2026-06-30,35.2285,128.8894,1,2.0,WF_V2_20260717_01
EQ000140,GPS_DEVICE,휴대용 GPS 3,김해시 산림관리부서,48,48250,AVAILABLE,,99,2026-09-30,2026-06-30,35.2285,128.8894,1,2.0,WF_V2_20260717_01
EQ000141,GPS_DEVICE,휴대용 GPS 4,김해시 산림관리부서,48,48250,AVAILABLE,,72,2026-09-30,2026-06-30,35.2285,128.8894,1,2.0,WF_V2_20260717_01
EQ000142,SAFETY_KIT,안전장비 세트 1,김해시 산림관리부서,48,48250,AVAILABLE,,,2026-09-30,2026-06-30,35.2285,128.8894,1,2.0,WF_V2_20260717_01
EQ000143,SAFETY_KIT,안전장비 세트 2,김해시 산림관리부서,48,48250,AVAILABLE,,,2026-09-30,2026-06-30,35.2285,128.8894,1,2.0,WF_V2_20260717_01
EQ000144,SAFETY_KIT,안전장비 세트 3,김해시 산림관리부서,48,48250,AVAILABLE,,,2026-09-30,2026-06-30,35.2285,128.8894,1,2.0,WF_V2_20260717_01
EQ000145,SAFETY_KIT,안전장비 세트 4,김해시 산림관리부서,48,48250,AVAILABLE,,,2026-09-30,2026-06-30,35.2285,128.8894,1,2.0,WF_V2_20260717_01
EQ000146,SAFETY_KIT,안전장비 세트 5,김해시 산림관리부서,48,48250,AVAILABLE,,,2026-09-30,2026-06-30,35.2285,128.8894,1,2.0,WF_V2_20260717_01
EQ000147,SPRAYER,방제 분무장비 1,김해시 산림관리부서,48,48250,AVAILABLE,,,2026-09-30,2026-06-30,35.2285,128.8894,1,2.0,WF_V2_20260717_01
EQ000148,SPRAYER,방제 분무장비 2,김해시 산림관리부서,48,48250,AVAILABLE,,,2026-09-30,2026-06-30,35.2285,128.8894,1,2.0,WF_V2_20260717_01
EQ000149,DRONE,산림예찰 드론 1,밀양시 산림관리부서,48,48270,IN_USE,,98,2026-09-30,2026-06-30,35.5038,128.7466,1,2.0,WF_V2_20260717_01
EQ000150,VEHICLE,현장출동 차량 1,밀양시 산림관리부서,48,48270,AVAILABLE,,,2026-09-30,2026-06-30,35.5038,128.7466,1,2.0,WF_V2_20260717_01
EQ000151,VEHICLE,현장출동 차량 2,밀양시 산림관리부서,48,48270,AVAILABLE,,,2026-09-30,2026-06-30,35.5038,128.7466,1,2.0,WF_V2_20260717_01
EQ000152,GPS_DEVICE,휴대용 GPS 1,밀양시 산림관리부서,48,48270,IN_USE,,66,2026-09-30,2026-06-30,35.5038,128.7466,1,2.0,WF_V2_20260717_01
EQ000153,GPS_DEVICE,휴대용 GPS 2,밀양시 산림관리부서,48,48270,IN_USE,,62,2026-09-30,2026-06-30,35.5038,128.7466,1,2.0,WF_V2_20260717_01
EQ000154,GPS_DEVICE,휴대용 GPS 3,밀양시 산림관리부서,48,48270,MAINTENANCE,,70,2026-09-30,2026-06-30,35.5038,128.7466,1,2.0,WF_V2_20260717_01
EQ000155,SAFETY_KIT,안전장비 세트 1,밀양시 산림관리부서,48,48270,AVAILABLE,,,2026-09-30,2026-06-30,35.5038,128.7466,1,2.0,WF_V2_20260717_01
EQ000156,SAFETY_KIT,안전장비 세트 2,밀양시 산림관리부서,48,48270,AVAILABLE,,,2026-09-30,2026-06-30,35.5038,128.7466,1,2.0,WF_V2_20260717_01
EQ000157,SAFETY_KIT,안전장비 세트 3,밀양시 산림관리부서,48,48270,AVAILABLE,,,2026-09-30,2026-06-30,35.5038,128.7466,1,2.0,WF_V2_20260717_01
EQ000158,SAFETY_KIT,안전장비 세트 4,밀양시 산림관리부서,48,48270,AVAILABLE,,,2026-09-30,2026-06-30,35.5038,128.7466,1,2.0,WF_V2_20260717_01
EQ000159,SPRAYER,방제 분무장비 1,밀양시 산림관리부서,48,48270,AVAILABLE,,,2026-09-30,2026-06-30,35.5038,128.7466,1,2.0,WF_V2_20260717_01
EQ000160,SPRAYER,방제 분무장비 2,밀양시 산림관리부서,48,48270,AVAILABLE,,,2026-09-30,2026-06-30,35.5038,128.7466,1,2.0,WF_V2_20260717_01
EQ000161,DRONE,산림예찰 드론 1,양산시 산림관리부서,48,48330,AVAILABLE,,83,2026-09-30,2026-06-30,35.335,129.0373,1,2.0,WF_V2_20260717_01
EQ000162,VEHICLE,현장출동 차량 1,양산시 산림관리부서,48,48330,AVAILABLE,,,2026-09-30,2026-06-30,35.335,129.0373,1,2.0,WF_V2_20260717_01
EQ000163,VEHICLE,현장출동 차량 2,양산시 산림관리부서,48,48330,AVAILABLE,,,2026-09-30,2026-06-30,35.335,129.0373,1,2.0,WF_V2_20260717_01
EQ000164,GPS_DEVICE,휴대용 GPS 1,양산시 산림관리부서,48,48330,MAINTENANCE,,63,2026-09-30,2026-06-30,35.335,129.0373,1,2.0,WF_V2_20260717_01
EQ000165,GPS_DEVICE,휴대용 GPS 2,양산시 산림관리부서,48,48330,AVAILABLE,,85,2026-09-30,2026-06-30,35.335,129.0373,1,2.0,WF_V2_20260717_01
EQ000166,GPS_DEVICE,휴대용 GPS 3,양산시 산림관리부서,48,48330,AVAILABLE,,74,2026-09-30,2026-06-30,35.335,129.0373,1,2.0,WF_V2_20260717_01
EQ000167,SAFETY_KIT,안전장비 세트 1,양산시 산림관리부서,48,48330,AVAILABLE,,,2026-09-30,2026-06-30,35.335,129.0373,1,2.0,WF_V2_20260717_01
EQ000168,SAFETY_KIT,안전장비 세트 2,양산시 산림관리부서,48,48330,IN_USE,,,2026-09-30,2026-06-30,35.335,129.0373,1,2.0,WF_V2_20260717_01
EQ000169,SAFETY_KIT,안전장비 세트 3,양산시 산림관리부서,48,48330,MAINTENANCE,,,2026-09-30,2026-06-30,35.335,129.0373,1,2.0,WF_V2_20260717_01
EQ000170,SAFETY_KIT,안전장비 세트 4,양산시 산림관리부서,48,48330,AVAILABLE,,,2026-09-30,2026-06-30,35.335,129.0373,1,2.0,WF_V2_20260717_01
EQ000171,SPRAYER,방제 분무장비 1,양산시 산림관리부서,48,48330,AVAILABLE,,,2026-09-30,2026-06-30,35.335,129.0373,1,2.0,WF_V2_20260717_01
EQ000172,SPRAYER,방제 분무장비 2,양산시 산림관리부서,48,48330,MAINTENANCE,,,2026-09-30,2026-06-30,35.335,129.0373,1,2.0,WF_V2_20260717_01
EQ000173,DRONE,산림예찰 드론 1,강서구 산림관리부서,26,26440,AVAILABLE,,72,2026-09-30,2026-06-30,35.2122,128.9805,1,2.0,WF_V2_20260717_01
EQ000174,VEHICLE,현장출동 차량 1,강서구 산림관리부서,26,26440,IN_USE,,,2026-09-30,2026-06-30,35.2122,128.9805,1,2.0,WF_V2_20260717_01
EQ000175,VEHICLE,현장출동 차량 2,강서구 산림관리부서,26,26440,AVAILABLE,,,2026-09-30,2026-06-30,35.2122,128.9805,1,2.0,WF_V2_20260717_01
EQ000176,GPS_DEVICE,휴대용 GPS 1,강서구 산림관리부서,26,26440,AVAILABLE,,74,2026-09-30,2026-06-30,35.2122,128.9805,1,2.0,WF_V2_20260717_01
EQ000177,GPS_DEVICE,휴대용 GPS 2,강서구 산림관리부서,26,26440,AVAILABLE,,87,2026-09-30,2026-06-30,35.2122,128.9805,1,2.0,WF_V2_20260717_01
EQ000178,GPS_DEVICE,휴대용 GPS 3,강서구 산림관리부서,26,26440,AVAILABLE,,65,2026-09-30,2026-06-30,35.2122,128.9805,1,2.0,WF_V2_20260717_01
EQ000179,SAFETY_KIT,안전장비 세트 1,강서구 산림관리부서,26,26440,IN_USE,,,2026-09-30,2026-06-30,35.2122,128.9805,1,2.0,WF_V2_20260717_01
EQ000180,SAFETY_KIT,안전장비 세트 2,강서구 산림관리부서,26,26440,AVAILABLE,,,2026-09-30,2026-06-30,35.2122,128.9805,1,2.0,WF_V2_20260717_01
EQ000181,SAFETY_KIT,안전장비 세트 3,강서구 산림관리부서,26,26440,AVAILABLE,,,2026-09-30,2026-06-30,35.2122,128.9805,1,2.0,WF_V2_20260717_01
EQ000182,SAFETY_KIT,안전장비 세트 4,강서구 산림관리부서,26,26440,AVAILABLE,,,2026-09-30,2026-06-30,35.2122,128.9805,1,2.0,WF_V2_20260717_01
EQ000183,SPRAYER,방제 분무장비 1,강서구 산림관리부서,26,26440,AVAILABLE,,,2026-09-30,2026-06-30,35.2122,128.9805,1,2.0,WF_V2_20260717_01
EQ000184,SPRAYER,방제 분무장비 2,강서구 산림관리부서,26,26440,MAINTENANCE,,,2026-09-30,2026-06-30,35.2122,128.9805,1,2.0,WF_V2_20260717_01
EQ000185,DRONE,산림예찰 드론 1,사하구 산림관리부서,26,26380,MAINTENANCE,,97,2026-09-30,2026-06-30,35.1047,128.9748,1,2.0,WF_V2_20260717_01
EQ000186,VEHICLE,현장출동 차량 1,사하구 산림관리부서,26,26380,MAINTENANCE,,,2026-09-30,2026-06-30,35.1047,128.9748,1,2.0,WF_V2_20260717_01
EQ000187,VEHICLE,현장출동 차량 2,사하구 산림관리부서,26,26380,AVAILABLE,,,2026-09-30,2026-06-30,35.1047,128.9748,1,2.0,WF_V2_20260717_01
EQ000188,GPS_DEVICE,휴대용 GPS 1,사하구 산림관리부서,26,26380,AVAILABLE,,92,2026-09-30,2026-06-30,35.1047,128.9748,1,2.0,WF_V2_20260717_01
EQ000189,GPS_DEVICE,휴대용 GPS 2,사하구 산림관리부서,26,26380,IN_USE,,65,2026-09-30,2026-06-30,35.1047,128.9748,1,2.0,WF_V2_20260717_01
EQ000190,GPS_DEVICE,휴대용 GPS 3,사하구 산림관리부서,26,26380,AVAILABLE,,91,2026-09-30,2026-06-30,35.1047,128.9748,1,2.0,WF_V2_20260717_01
EQ000191,SAFETY_KIT,안전장비 세트 1,사하구 산림관리부서,26,26380,IN_USE,,,2026-09-30,2026-06-30,35.1047,128.9748,1,2.0,WF_V2_20260717_01
EQ000192,SAFETY_KIT,안전장비 세트 2,사하구 산림관리부서,26,26380,AVAILABLE,,,2026-09-30,2026-06-30,35.1047,128.9748,1,2.0,WF_V2_20260717_01
EQ000193,SAFETY_KIT,안전장비 세트 3,사하구 산림관리부서,26,26380,IN_USE,,,2026-09-30,2026-06-30,35.1047,128.9748,1,2.0,WF_V2_20260717_01
EQ000194,SAFETY_KIT,안전장비 세트 4,사하구 산림관리부서,26,26380,MAINTENANCE,,,2026-09-30,2026-06-30,35.1047,128.9748,1,2.0,WF_V2_20260717_01
EQ000195,SPRAYER,방제 분무장비 1,사하구 산림관리부서,26,26380,AVAILABLE,,,2026-09-30,2026-06-30,35.1047,128.9748,1,2.0,WF_V2_20260717_01
EQ000196,SPRAYER,방제 분무장비 2,사하구 산림관리부서,26,26380,AVAILABLE,,,2026-09-30,2026-06-30,35.1047,128.9748,1,2.0,WF_V2_20260717_01
EQ000197,DRONE,산림예찰 드론 1,울주군 산림관리부서,31,31710,AVAILABLE,,89,2026-09-30,2026-06-30,35.5223,129.2426,1,2.0,WF_V2_20260717_01
EQ000198,VEHICLE,현장출동 차량 1,울주군 산림관리부서,31,31710,AVAILABLE,,,2026-09-30,2026-06-30,35.5223,129.2426,1,2.0,WF_V2_20260717_01
EQ000199,VEHICLE,현장출동 차량 2,울주군 산림관리부서,31,31710,AVAILABLE,,,2026-09-30,2026-06-30,35.5223,129.2426,1,2.0,WF_V2_20260717_01
EQ000200,GPS_DEVICE,휴대용 GPS 1,울주군 산림관리부서,31,31710,AVAILABLE,,84,2026-09-30,2026-06-30,35.5223,129.2426,1,2.0,WF_V2_20260717_01
EQ000201,GPS_DEVICE,휴대용 GPS 2,울주군 산림관리부서,31,31710,AVAILABLE,,93,2026-09-30,2026-06-30,35.5223,129.2426,1,2.0,WF_V2_20260717_01
EQ000202,GPS_DEVICE,휴대용 GPS 3,울주군 산림관리부서,31,31710,AVAILABLE,,72,2026-09-30,2026-06-30,35.5223,129.2426,1,2.0,WF_V2_20260717_01
EQ000203,SAFETY_KIT,안전장비 세트 1,울주군 산림관리부서,31,31710,MAINTENANCE,,,2026-09-30,2026-06-30,35.5223,129.2426,1,2.0,WF_V2_20260717_01
EQ000204,SAFETY_KIT,안전장비 세트 2,울주군 산림관리부서,31,31710,AVAILABLE,,,2026-09-30,2026-06-30,35.5223,129.2426,1,2.0,WF_V2_20260717_01
EQ000205,SAFETY_KIT,안전장비 세트 3,울주군 산림관리부서,31,31710,AVAILABLE,,,2026-09-30,2026-06-30,35.5223,129.2426,1,2.0,WF_V2_20260717_01
EQ000206,SAFETY_KIT,안전장비 세트 4,울주군 산림관리부서,31,31710,AVAILABLE,,,2026-09-30,2026-06-30,35.5223,129.2426,1,2.0,WF_V2_20260717_01
EQ000207,SPRAYER,방제 분무장비 1,울주군 산림관리부서,31,31710,AVAILABLE,,,2026-09-30,2026-06-30,35.5223,129.2426,1,2.0,WF_V2_20260717_01
EQ000208,SPRAYER,방제 분무장비 2,울주군 산림관리부서,31,31710,MAINTENANCE,,,2026-09-30,2026-06-30,35.5223,129.2426,1,2.0,WF_V2_20260717_01
EQ000209,DRONE,산림예찰 드론 1,목포시 산림관리부서,46,46110,AVAILABLE,,86,2026-09-30,2026-06-30,34.8118,126.3922,1,2.0,WF_V2_20260717_01
EQ000210,VEHICLE,현장출동 차량 1,목포시 산림관리부서,46,46110,AVAILABLE,,,2026-09-30,2026-06-30,34.8118,126.3922,1,2.0,WF_V2_20260717_01
EQ000211,VEHICLE,현장출동 차량 2,목포시 산림관리부서,46,46110,AVAILABLE,,,2026-09-30,2026-06-30,34.8118,126.3922,1,2.0,WF_V2_20260717_01
EQ000212,GPS_DEVICE,휴대용 GPS 1,목포시 산림관리부서,46,46110,AVAILABLE,,81,2026-09-30,2026-06-30,34.8118,126.3922,1,2.0,WF_V2_20260717_01
EQ000213,GPS_DEVICE,휴대용 GPS 2,목포시 산림관리부서,46,46110,AVAILABLE,,97,2026-09-30,2026-06-30,34.8118,126.3922,1,2.0,WF_V2_20260717_01
EQ000214,GPS_DEVICE,휴대용 GPS 3,목포시 산림관리부서,46,46110,MAINTENANCE,,74,2026-09-30,2026-06-30,34.8118,126.3922,1,2.0,WF_V2_20260717_01
EQ000215,SAFETY_KIT,안전장비 세트 1,목포시 산림관리부서,46,46110,AVAILABLE,,,2026-09-30,2026-06-30,34.8118,126.3922,1,2.0,WF_V2_20260717_01
EQ000216,SAFETY_KIT,안전장비 세트 2,목포시 산림관리부서,46,46110,AVAILABLE,,,2026-09-30,2026-06-30,34.8118,126.3922,1,2.0,WF_V2_20260717_01
EQ000217,SAFETY_KIT,안전장비 세트 3,목포시 산림관리부서,46,46110,AVAILABLE,,,2026-09-30,2026-06-30,34.8118,126.3922,1,2.0,WF_V2_20260717_01
EQ000218,SAFETY_KIT,안전장비 세트 4,목포시 산림관리부서,46,46110,AVAILABLE,,,2026-09-30,2026-06-30,34.8118,126.3922,1,2.0,WF_V2_20260717_01
EQ000219,SPRAYER,방제 분무장비 1,목포시 산림관리부서,46,46110,AVAILABLE,,,2026-09-30,2026-06-30,34.8118,126.3922,1,2.0,WF_V2_20260717_01
EQ000220,SPRAYER,방제 분무장비 2,목포시 산림관리부서,46,46110,AVAILABLE,,,2026-09-30,2026-06-30,34.8118,126.3922,1,2.0,WF_V2_20260717_01
EQ000221,DRONE,산림예찰 드론 1,여수시 산림관리부서,46,46130,AVAILABLE,,67,2026-09-30,2026-06-30,34.7604,127.6622,1,2.0,WF_V2_20260717_01
EQ000222,VEHICLE,현장출동 차량 1,여수시 산림관리부서,46,46130,AVAILABLE,,,2026-09-30,2026-06-30,34.7604,127.6622,1,2.0,WF_V2_20260717_01
EQ000223,VEHICLE,현장출동 차량 2,여수시 산림관리부서,46,46130,AVAILABLE,,,2026-09-30,2026-06-30,34.7604,127.6622,1,2.0,WF_V2_20260717_01
EQ000224,GPS_DEVICE,휴대용 GPS 1,여수시 산림관리부서,46,46130,AVAILABLE,,76,2026-09-30,2026-06-30,34.7604,127.6622,1,2.0,WF_V2_20260717_01
EQ000225,GPS_DEVICE,휴대용 GPS 2,여수시 산림관리부서,46,46130,AVAILABLE,,85,2026-09-30,2026-06-30,34.7604,127.6622,1,2.0,WF_V2_20260717_01
EQ000226,GPS_DEVICE,휴대용 GPS 3,여수시 산림관리부서,46,46130,AVAILABLE,,97,2026-09-30,2026-06-30,34.7604,127.6622,1,2.0,WF_V2_20260717_01
EQ000227,SAFETY_KIT,안전장비 세트 1,여수시 산림관리부서,46,46130,MAINTENANCE,,,2026-09-30,2026-06-30,34.7604,127.6622,1,2.0,WF_V2_20260717_01
EQ000228,SAFETY_KIT,안전장비 세트 2,여수시 산림관리부서,46,46130,AVAILABLE,,,2026-09-30,2026-06-30,34.7604,127.6622,1,2.0,WF_V2_20260717_01
EQ000229,SAFETY_KIT,안전장비 세트 3,여수시 산림관리부서,46,46130,AVAILABLE,,,2026-09-30,2026-06-30,34.7604,127.6622,1,2.0,WF_V2_20260717_01
EQ000230,SAFETY_KIT,안전장비 세트 4,여수시 산림관리부서,46,46130,MAINTENANCE,,,2026-09-30,2026-06-30,34.7604,127.6622,1,2.0,WF_V2_20260717_01
EQ000231,SPRAYER,방제 분무장비 1,여수시 산림관리부서,46,46130,AVAILABLE,,,2026-09-30,2026-06-30,34.7604,127.6622,1,2.0,WF_V2_20260717_01
EQ000232,SPRAYER,방제 분무장비 2,여수시 산림관리부서,46,46130,AVAILABLE,,,2026-09-30,2026-06-30,34.7604,127.6622,1,2.0,WF_V2_20260717_01
EQ000233,DRONE,산림예찰 드론 1,순천시 산림관리부서,46,46150,AVAILABLE,,60,2026-09-30,2026-06-30,34.9507,127.4872,1,2.0,WF_V2_20260717_01
EQ000234,VEHICLE,현장출동 차량 1,순천시 산림관리부서,46,46150,MAINTENANCE,,,2026-09-30,2026-06-30,34.9507,127.4872,1,2.0,WF_V2_20260717_01
EQ000235,VEHICLE,현장출동 차량 2,순천시 산림관리부서,46,46150,AVAILABLE,,,2026-09-30,2026-06-30,34.9507,127.4872,1,2.0,WF_V2_20260717_01
EQ000236,GPS_DEVICE,휴대용 GPS 1,순천시 산림관리부서,46,46150,AVAILABLE,,91,2026-09-30,2026-06-30,34.9507,127.4872,1,2.0,WF_V2_20260717_01
EQ000237,GPS_DEVICE,휴대용 GPS 2,순천시 산림관리부서,46,46150,AVAILABLE,,82,2026-09-30,2026-06-30,34.9507,127.4872,1,2.0,WF_V2_20260717_01
EQ000238,GPS_DEVICE,휴대용 GPS 3,순천시 산림관리부서,46,46150,AVAILABLE,,86,2026-09-30,2026-06-30,34.9507,127.4872,1,2.0,WF_V2_20260717_01
EQ000239,SAFETY_KIT,안전장비 세트 1,순천시 산림관리부서,46,46150,AVAILABLE,,,2026-09-30,2026-06-30,34.9507,127.4872,1,2.0,WF_V2_20260717_01
EQ000240,SAFETY_KIT,안전장비 세트 2,순천시 산림관리부서,46,46150,AVAILABLE,,,2026-09-30,2026-06-30,34.9507,127.4872,1,2.0,WF_V2_20260717_01
EQ000241,SAFETY_KIT,안전장비 세트 3,순천시 산림관리부서,46,46150,AVAILABLE,,,2026-09-30,2026-06-30,34.9507,127.4872,1,2.0,WF_V2_20260717_01
EQ000242,SAFETY_KIT,안전장비 세트 4,순천시 산림관리부서,46,46150,AVAILABLE,,,2026-09-30,2026-06-30,34.9507,127.4872,1,2.0,WF_V2_20260717_01
EQ000243,SPRAYER,방제 분무장비 1,순천시 산림관리부서,46,46150,IN_USE,,,2026-09-30,2026-06-30,34.9507,127.4872,1,2.0,WF_V2_20260717_01
EQ000244,SPRAYER,방제 분무장비 2,순천시 산림관리부서,46,46150,MAINTENANCE,,,2026-09-30,2026-06-30,34.9507,127.4872,1,2.0,WF_V2_20260717_01
EQ000245,DRONE,산림예찰 드론 1,나주시 산림관리부서,46,46170,IN_USE,,98,2026-09-30,2026-06-30,35.0161,126.7108,1,2.0,WF_V2_20260717_01
EQ000246,VEHICLE,현장출동 차량 1,나주시 산림관리부서,46,46170,AVAILABLE,,,2026-09-30,2026-06-30,35.0161,126.7108,1,2.0,WF_V2_20260717_01
EQ000247,VEHICLE,현장출동 차량 2,나주시 산림관리부서,46,46170,AVAILABLE,,,2026-09-30,2026-06-30,35.0161,126.7108,1,2.0,WF_V2_20260717_01
EQ000248,GPS_DEVICE,휴대용 GPS 1,나주시 산림관리부서,46,46170,AVAILABLE,,77,2026-09-30,2026-06-30,35.0161,126.7108,1,2.0,WF_V2_20260717_01
EQ000249,GPS_DEVICE,휴대용 GPS 2,나주시 산림관리부서,46,46170,IN_USE,,74,2026-09-30,2026-06-30,35.0161,126.7108,1,2.0,WF_V2_20260717_01
EQ000250,GPS_DEVICE,휴대용 GPS 3,나주시 산림관리부서,46,46170,IN_USE,,60,2026-09-30,2026-06-30,35.0161,126.7108,1,2.0,WF_V2_20260717_01
EQ000251,SAFETY_KIT,안전장비 세트 1,나주시 산림관리부서,46,46170,AVAILABLE,,,2026-09-30,2026-06-30,35.0161,126.7108,1,2.0,WF_V2_20260717_01
EQ000252,SAFETY_KIT,안전장비 세트 2,나주시 산림관리부서,46,46170,AVAILABLE,,,2026-09-30,2026-06-30,35.0161,126.7108,1,2.0,WF_V2_20260717_01
EQ000253,SAFETY_KIT,안전장비 세트 3,나주시 산림관리부서,46,46170,IN_USE,,,2026-09-30,2026-06-30,35.0161,126.7108,1,2.0,WF_V2_20260717_01
EQ000254,SAFETY_KIT,안전장비 세트 4,나주시 산림관리부서,46,46170,AVAILABLE,,,2026-09-30,2026-06-30,35.0161,126.7108,1,2.0,WF_V2_20260717_01
EQ000255,SPRAYER,방제 분무장비 1,나주시 산림관리부서,46,46170,AVAILABLE,,,2026-09-30,2026-06-30,35.0161,126.7108,1,2.0,WF_V2_20260717_01
EQ000256,SPRAYER,방제 분무장비 2,나주시 산림관리부서,46,46170,AVAILABLE,,,2026-09-30,2026-06-30,35.0161,126.7108,1,2.0,WF_V2_20260717_01
EQ000257,DRONE,산림예찰 드론 1,고흥군 산림관리부서,46,46770,AVAILABLE,,87,2026-09-30,2026-06-30,34.6112,127.285,1,2.0,WF_V2_20260717_01
EQ000258,VEHICLE,현장출동 차량 1,고흥군 산림관리부서,46,46770,AVAILABLE,,,2026-09-30,2026-06-30,34.6112,127.285,1,2.0,WF_V2_20260717_01
EQ000259,VEHICLE,현장출동 차량 2,고흥군 산림관리부서,46,46770,AVAILABLE,,,2026-09-30,2026-06-30,34.6112,127.285,1,2.0,WF_V2_20260717_01
EQ000260,GPS_DEVICE,휴대용 GPS 1,고흥군 산림관리부서,46,46770,AVAILABLE,,79,2026-09-30,2026-06-30,34.6112,127.285,1,2.0,WF_V2_20260717_01
EQ000261,GPS_DEVICE,휴대용 GPS 2,고흥군 산림관리부서,46,46770,AVAILABLE,,86,2026-09-30,2026-06-30,34.6112,127.285,1,2.0,WF_V2_20260717_01
EQ000262,GPS_DEVICE,휴대용 GPS 3,고흥군 산림관리부서,46,46770,AVAILABLE,,75,2026-09-30,2026-06-30,34.6112,127.285,1,2.0,WF_V2_20260717_01
EQ000263,SAFETY_KIT,안전장비 세트 1,고흥군 산림관리부서,46,46770,AVAILABLE,,,2026-09-30,2026-06-30,34.6112,127.285,1,2.0,WF_V2_20260717_01
EQ000264,SAFETY_KIT,안전장비 세트 2,고흥군 산림관리부서,46,46770,AVAILABLE,,,2026-09-30,2026-06-30,34.6112,127.285,1,2.0,WF_V2_20260717_01
EQ000265,SAFETY_KIT,안전장비 세트 3,고흥군 산림관리부서,46,46770,IN_USE,,,2026-09-30,2026-06-30,34.6112,127.285,1,2.0,WF_V2_20260717_01
EQ000266,SAFETY_KIT,안전장비 세트 4,고흥군 산림관리부서,46,46770,IN_USE,,,2026-09-30,2026-06-30,34.6112,127.285,1,2.0,WF_V2_20260717_01
EQ000267,SPRAYER,방제 분무장비 1,고흥군 산림관리부서,46,46770,IN_USE,,,2026-09-30,2026-06-30,34.6112,127.285,1,2.0,WF_V2_20260717_01
EQ000268,SPRAYER,방제 분무장비 2,고흥군 산림관리부서,46,46770,AVAILABLE,,,2026-09-30,2026-06-30,34.6112,127.285,1,2.0,WF_V2_20260717_01
EQ000269,DRONE,산림예찰 드론 1,전주시 산림관리부서,52,52110,MAINTENANCE,,85,2026-09-30,2026-06-30,35.8242,127.148,1,2.0,WF_V2_20260717_01
EQ000270,VEHICLE,현장출동 차량 1,전주시 산림관리부서,52,52110,AVAILABLE,,,2026-09-30,2026-06-30,35.8242,127.148,1,2.0,WF_V2_20260717_01
EQ000271,VEHICLE,현장출동 차량 2,전주시 산림관리부서,52,52110,AVAILABLE,,,2026-09-30,2026-06-30,35.8242,127.148,1,2.0,WF_V2_20260717_01
EQ000272,GPS_DEVICE,휴대용 GPS 1,전주시 산림관리부서,52,52110,AVAILABLE,,95,2026-09-30,2026-06-30,35.8242,127.148,1,2.0,WF_V2_20260717_01
EQ000273,GPS_DEVICE,휴대용 GPS 2,전주시 산림관리부서,52,52110,IN_USE,,63,2026-09-30,2026-06-30,35.8242,127.148,1,2.0,WF_V2_20260717_01
EQ000274,GPS_DEVICE,휴대용 GPS 3,전주시 산림관리부서,52,52110,AVAILABLE,,74,2026-09-30,2026-06-30,35.8242,127.148,1,2.0,WF_V2_20260717_01
EQ000275,SAFETY_KIT,안전장비 세트 1,전주시 산림관리부서,52,52110,AVAILABLE,,,2026-09-30,2026-06-30,35.8242,127.148,1,2.0,WF_V2_20260717_01
EQ000276,SAFETY_KIT,안전장비 세트 2,전주시 산림관리부서,52,52110,AVAILABLE,,,2026-09-30,2026-06-30,35.8242,127.148,1,2.0,WF_V2_20260717_01
EQ000277,SAFETY_KIT,안전장비 세트 3,전주시 산림관리부서,52,52110,AVAILABLE,,,2026-09-30,2026-06-30,35.8242,127.148,1,2.0,WF_V2_20260717_01
EQ000278,SAFETY_KIT,안전장비 세트 4,전주시 산림관리부서,52,52110,AVAILABLE,,,2026-09-30,2026-06-30,35.8242,127.148,1,2.0,WF_V2_20260717_01
EQ000279,SPRAYER,방제 분무장비 1,전주시 산림관리부서,52,52110,AVAILABLE,,,2026-09-30,2026-06-30,35.8242,127.148,1,2.0,WF_V2_20260717_01
EQ000280,SPRAYER,방제 분무장비 2,전주시 산림관리부서,52,52110,AVAILABLE,,,2026-09-30,2026-06-30,35.8242,127.148,1,2.0,WF_V2_20260717_01
EQ000281,DRONE,산림예찰 드론 1,익산시 산림관리부서,52,52140,AVAILABLE,,99,2026-09-30,2026-06-30,35.9483,126.9576,1,2.0,WF_V2_20260717_01
EQ000282,VEHICLE,현장출동 차량 1,익산시 산림관리부서,52,52140,AVAILABLE,,,2026-09-30,2026-06-30,35.9483,126.9576,1,2.0,WF_V2_20260717_01
EQ000283,VEHICLE,현장출동 차량 2,익산시 산림관리부서,52,52140,AVAILABLE,,,2026-09-30,2026-06-30,35.9483,126.9576,1,2.0,WF_V2_20260717_01
EQ000284,GPS_DEVICE,휴대용 GPS 1,익산시 산림관리부서,52,52140,AVAILABLE,,68,2026-09-30,2026-06-30,35.9483,126.9576,1,2.0,WF_V2_20260717_01
EQ000285,GPS_DEVICE,휴대용 GPS 2,익산시 산림관리부서,52,52140,AVAILABLE,,80,2026-09-30,2026-06-30,35.9483,126.9576,1,2.0,WF_V2_20260717_01
EQ000286,GPS_DEVICE,휴대용 GPS 3,익산시 산림관리부서,52,52140,AVAILABLE,,78,2026-09-30,2026-06-30,35.9483,126.9576,1,2.0,WF_V2_20260717_01
EQ000287,SAFETY_KIT,안전장비 세트 1,익산시 산림관리부서,52,52140,IN_USE,,,2026-09-30,2026-06-30,35.9483,126.9576,1,2.0,WF_V2_20260717_01
EQ000288,SAFETY_KIT,안전장비 세트 2,익산시 산림관리부서,52,52140,AVAILABLE,,,2026-09-30,2026-06-30,35.9483,126.9576,1,2.0,WF_V2_20260717_01
EQ000289,SAFETY_KIT,안전장비 세트 3,익산시 산림관리부서,52,52140,IN_USE,,,2026-09-30,2026-06-30,35.9483,126.9576,1,2.0,WF_V2_20260717_01
EQ000290,SAFETY_KIT,안전장비 세트 4,익산시 산림관리부서,52,52140,AVAILABLE,,,2026-09-30,2026-06-30,35.9483,126.9576,1,2.0,WF_V2_20260717_01
EQ000291,SPRAYER,방제 분무장비 1,익산시 산림관리부서,52,52140,AVAILABLE,,,2026-09-30,2026-06-30,35.9483,126.9576,1,2.0,WF_V2_20260717_01
EQ000292,SPRAYER,방제 분무장비 2,익산시 산림관리부서,52,52140,AVAILABLE,,,2026-09-30,2026-06-30,35.9483,126.9576,1,2.0,WF_V2_20260717_01
EQ000293,DRONE,산림예찰 드론 1,남원시 산림관리부서,52,52190,AVAILABLE,,65,2026-09-30,2026-06-30,35.4164,127.3904,1,2.0,WF_V2_20260717_01
EQ000294,VEHICLE,현장출동 차량 1,남원시 산림관리부서,52,52190,AVAILABLE,,,2026-09-30,2026-06-30,35.4164,127.3904,1,2.0,WF_V2_20260717_01
EQ000295,VEHICLE,현장출동 차량 2,남원시 산림관리부서,52,52190,AVAILABLE,,,2026-09-30,2026-06-30,35.4164,127.3904,1,2.0,WF_V2_20260717_01
EQ000296,GPS_DEVICE,휴대용 GPS 1,남원시 산림관리부서,52,52190,AVAILABLE,,63,2026-09-30,2026-06-30,35.4164,127.3904,1,2.0,WF_V2_20260717_01
EQ000297,GPS_DEVICE,휴대용 GPS 2,남원시 산림관리부서,52,52190,AVAILABLE,,78,2026-09-30,2026-06-30,35.4164,127.3904,1,2.0,WF_V2_20260717_01
EQ000298,GPS_DEVICE,휴대용 GPS 3,남원시 산림관리부서,52,52190,MAINTENANCE,,61,2026-09-30,2026-06-30,35.4164,127.3904,1,2.0,WF_V2_20260717_01
EQ000299,SAFETY_KIT,안전장비 세트 1,남원시 산림관리부서,52,52190,AVAILABLE,,,2026-09-30,2026-06-30,35.4164,127.3904,1,2.0,WF_V2_20260717_01
EQ000300,SAFETY_KIT,안전장비 세트 2,남원시 산림관리부서,52,52190,AVAILABLE,,,2026-09-30,2026-06-30,35.4164,127.3904,1,2.0,WF_V2_20260717_01
EQ000301,SAFETY_KIT,안전장비 세트 3,남원시 산림관리부서,52,52190,AVAILABLE,,,2026-09-30,2026-06-30,35.4164,127.3904,1,2.0,WF_V2_20260717_01
EQ000302,SAFETY_KIT,안전장비 세트 4,남원시 산림관리부서,52,52190,MAINTENANCE,,,2026-09-30,2026-06-30,35.4164,127.3904,1,2.0,WF_V2_20260717_01
EQ000303,SPRAYER,방제 분무장비 1,남원시 산림관리부서,52,52190,AVAILABLE,,,2026-09-30,2026-06-30,35.4164,127.3904,1,2.0,WF_V2_20260717_01
EQ000304,SPRAYER,방제 분무장비 2,남원시 산림관리부서,52,52190,AVAILABLE,,,2026-09-30,2026-06-30,35.4164,127.3904,1,2.0,WF_V2_20260717_01
EQ000305,DRONE,산림예찰 드론 1,천안시 산림관리부서,44,44130,IN_USE,,73,2026-09-30,2026-06-30,36.8151,127.1139,1,2.0,WF_V2_20260717_01
EQ000306,VEHICLE,현장출동 차량 1,천안시 산림관리부서,44,44130,AVAILABLE,,,2026-09-30,2026-06-30,36.8151,127.1139,1,2.0,WF_V2_20260717_01
EQ000307,VEHICLE,현장출동 차량 2,천안시 산림관리부서,44,44130,AVAILABLE,,,2026-09-30,2026-06-30,36.8151,127.1139,1,2.0,WF_V2_20260717_01
EQ000308,GPS_DEVICE,휴대용 GPS 1,천안시 산림관리부서,44,44130,MAINTENANCE,,61,2026-09-30,2026-06-30,36.8151,127.1139,1,2.0,WF_V2_20260717_01
EQ000309,GPS_DEVICE,휴대용 GPS 2,천안시 산림관리부서,44,44130,IN_USE,,91,2026-09-30,2026-06-30,36.8151,127.1139,1,2.0,WF_V2_20260717_01
EQ000310,GPS_DEVICE,휴대용 GPS 3,천안시 산림관리부서,44,44130,IN_USE,,93,2026-09-30,2026-06-30,36.8151,127.1139,1,2.0,WF_V2_20260717_01
EQ000311,SAFETY_KIT,안전장비 세트 1,천안시 산림관리부서,44,44130,AVAILABLE,,,2026-09-30,2026-06-30,36.8151,127.1139,1,2.0,WF_V2_20260717_01
EQ000312,SAFETY_KIT,안전장비 세트 2,천안시 산림관리부서,44,44130,AVAILABLE,,,2026-09-30,2026-06-30,36.8151,127.1139,1,2.0,WF_V2_20260717_01
EQ000313,SAFETY_KIT,안전장비 세트 3,천안시 산림관리부서,44,44130,AVAILABLE,,,2026-09-30,2026-06-30,36.8151,127.1139,1,2.0,WF_V2_20260717_01
EQ000314,SAFETY_KIT,안전장비 세트 4,천안시 산림관리부서,44,44130,AVAILABLE,,,2026-09-30,2026-06-30,36.8151,127.1139,1,2.0,WF_V2_20260717_01
EQ000315,SPRAYER,방제 분무장비 1,천안시 산림관리부서,44,44130,AVAILABLE,,,2026-09-30,2026-06-30,36.8151,127.1139,1,2.0,WF_V2_20260717_01
EQ000316,SPRAYER,방제 분무장비 2,천안시 산림관리부서,44,44130,MAINTENANCE,,,2026-09-30,2026-06-30,36.8151,127.1139,1,2.0,WF_V2_20260717_01
EQ000317,DRONE,산림예찰 드론 1,논산시 산림관리부서,44,44230,AVAILABLE,,96,2026-09-30,2026-06-30,36.1872,127.0987,1,2.0,WF_V2_20260717_01
EQ000318,VEHICLE,현장출동 차량 1,논산시 산림관리부서,44,44230,AVAILABLE,,,2026-09-30,2026-06-30,36.1872,127.0987,1,2.0,WF_V2_20260717_01
EQ000319,VEHICLE,현장출동 차량 2,논산시 산림관리부서,44,44230,AVAILABLE,,,2026-09-30,2026-06-30,36.1872,127.0987,1,2.0,WF_V2_20260717_01
EQ000320,GPS_DEVICE,휴대용 GPS 1,논산시 산림관리부서,44,44230,MAINTENANCE,,96,2026-09-30,2026-06-30,36.1872,127.0987,1,2.0,WF_V2_20260717_01
EQ000321,GPS_DEVICE,휴대용 GPS 2,논산시 산림관리부서,44,44230,AVAILABLE,,67,2026-09-30,2026-06-30,36.1872,127.0987,1,2.0,WF_V2_20260717_01
EQ000322,GPS_DEVICE,휴대용 GPS 3,논산시 산림관리부서,44,44230,AVAILABLE,,84,2026-09-30,2026-06-30,36.1872,127.0987,1,2.0,WF_V2_20260717_01
EQ000323,SAFETY_KIT,안전장비 세트 1,논산시 산림관리부서,44,44230,AVAILABLE,,,2026-09-30,2026-06-30,36.1872,127.0987,1,2.0,WF_V2_20260717_01
EQ000324,SAFETY_KIT,안전장비 세트 2,논산시 산림관리부서,44,44230,AVAILABLE,,,2026-09-30,2026-06-30,36.1872,127.0987,1,2.0,WF_V2_20260717_01
EQ000325,SAFETY_KIT,안전장비 세트 3,논산시 산림관리부서,44,44230,AVAILABLE,,,2026-09-30,2026-06-30,36.1872,127.0987,1,2.0,WF_V2_20260717_01
EQ000326,SAFETY_KIT,안전장비 세트 4,논산시 산림관리부서,44,44230,AVAILABLE,,,2026-09-30,2026-06-30,36.1872,127.0987,1,2.0,WF_V2_20260717_01
EQ000327,SPRAYER,방제 분무장비 1,논산시 산림관리부서,44,44230,IN_USE,,,2026-09-30,2026-06-30,36.1872,127.0987,1,2.0,WF_V2_20260717_01
EQ000328,SPRAYER,방제 분무장비 2,논산시 산림관리부서,44,44230,AVAILABLE,,,2026-09-30,2026-06-30,36.1872,127.0987,1,2.0,WF_V2_20260717_01
