availability_id,worker_id,work_date,available_start_at,available_end_at,break_minutes,capacity_minutes,assigned_minutes,remaining_minutes,availability_status,reason,dataset_version,import_batch_id
AV000001,W00001,2026-07-18,09:00,18:00,60,420,0,420,AVAILABLE,,3.0,WF_V3_ALL_REGIONS_20260718
AV000002,W00002,2026-07-18,09:00,18:00,60,420,30,390,AVAILABLE,,3.0,WF_V3_ALL_REGIONS_20260718
AV000003,W00003,2026-07-18,09:00,18:00,60,420,60,360,AVAILABLE,,3.0,WF_V3_ALL_REGIONS_20260718
AV000004,W00004,2026-07-18,09:00,18:00,60,420,90,330,AVAILABLE,,3.0,WF_V3_ALL_REGIONS_20260718
AV000005,W00005,2026-07-18,09:00,18:00,60,420,0,420,AVAILABLE,,3.0,WF_V3_ALL_REGIONS_20260718
AV000006,W00006,2026-07-18,09:00,18:00,60,420,0,0,OFF_DUTY,비번,3.0,WF_V3_ALL_REGIONS_20260718
AV000007,W00007,2026-07-18,09:00,18:00,60,420,0,420,AVAILABLE,,3.0,WF_V3_ALL_REGIONS_20260718
AV000008,W00008,2026-07-18,09:00,18:00,60,420,30,390,AVAILABLE,,3.0,WF_V3_ALL_REGIONS_20260718
AV000009,W00009,2026-07-18,09:00,18:00,60,420,60,360,AVAILABLE,,3.0,WF_V3_ALL_REGIONS_20260718
AV000010,W00010,2026-07-18,09:00,18:00,60,420,90,330,AVAILABLE,,3.0,WF_V3_ALL_REGIONS_20260718
AV000011,W00011,2026-07-18,09:00,18:00,60,420,0,420,AVAILABLE,,3.0,WF_V3_ALL_REGIONS_20260718
AV000012,W00012,2026-07-18,09:00,18:00,60,420,0,0,OFF_DUTY,비번,3.0,WF_V3_ALL_REGIONS_20260718
AV000013,W00013,2026-07-18,09:00,18:00,60,420,0,420,AVAILABLE,,3.0,WF_V3_ALL_REGIONS_20260718
AV000014,W00014,2026-07-18,09:00,18:00,60,420,30,390,AVAILABLE,,3.0,WF_V3_ALL_REGIONS_20260718
AV000015,W00015,2026-07-18,09:00,18:00,60,420,60,360,AVAILABLE,,3.0,WF_V3_ALL_REGIONS_20260718
AV000016,W00016,2026-07-18,09:00,18:00,60,420,90,330,AVAILABLE,,3.0,WF_V3_ALL_REGIONS_20260718
AV000017,W00017,2026-07-18,09:00,18:00,60,420,0,420,AVAILABLE,,3.0,WF_V3_ALL_REGIONS_20260718
AV000018,W00018,2026-07-18,09:00,18:00,60,420,0,0,OFF_DUTY,비번,3.0,WF_V3_ALL_REGIONS_20260718
AV000019,W00019,2026-07-18,09:00,18:00,60,420,0,420,AVAILABLE,,3.0,WF_V3_ALL_REGIONS_20260718
AV000020,W00020,2026-07-18,09:00,18:00,60,420,30,390,AVAILABLE,,3.0,WF_V3_ALL_REGIONS_20260718
AV000021,W00021,2026-07-18,09:00,18:00,60,420,60,360,AVAILABLE,,3.0,WF_V3_ALL_REGIONS_20260718
AV000022,W00022,2026-07-18,09:00,18:00,60,420,90,330,AVAILABLE,,3.0,WF_V3_ALL_REGIONS_20260718
AV000023,W00023,2026-07-18,09:00,18:00,60,420,0,420,AVAILABLE,,3.0,WF_V3_ALL_REGIONS_20260718
AV000024,W00024,2026-07-18,09:00,18:00,60,420,0,0,OFF_DUTY,비번,3.0,WF_V3_ALL_REGIONS_20260718
AV000025,W00025,2026-07-18,09:00,18:00,60,420,0,420,AVAILABLE,,3.0,WF_V3_ALL_REGIONS_20260718
AV000026,W00026,2026-07-18,09:00,18:00,60,420,30,390,AVAILABLE,,3.0,WF_V3_ALL_REGIONS_20260718
AV000027,W00027,2026-07-18,09:00,18:00,60,420,60,360,AVAILABLE,,3.0,WF_V3_ALL_REGIONS_20260718
AV000028,W00028,2026-07-18,09:00,18:00,60,420,90,330,AVAILABLE,,3.0,WF_V3_ALL_REGIONS_20260718
AV000029,W00029,2026-07-18,09:00,18:00,60,420,0,420,AVAILABLE,,3.0,WF_V3_ALL_REGIONS_20260718
AV000030,W00030,2026-07-18,09:00,18:00,60,420,0,0,OFF_DUTY,비번,3.0,WF_V3_ALL_REGIONS_20260718
AV000031,W00031,2026-07-18,09:00,18:00,60,420,0,420,AVAILABLE,,3.0,WF_V3_ALL_REGIONS_20260718
AV000032,W00032,2026-07-18,09:00,18:00,60,420,30,390,AVAILABLE,,3.0,WF_V3_ALL_REGIONS_20260718
AV000033,W00033,2026-07-18,09:00,18:00,60,420,60,360,AVAILABLE,,3.0,WF_V3_ALL_REGIONS_20260718
AV000034,W00034,2026-07-18,09:00,18:00,60,420,90,330,AVAILABLE,,3.0,WF_V3_ALL_REGIONS_20260718
AV000035,W00035,2026-07-18,09:00,18:00,60,420,0,420,AVAILABLE,,3.0,WF_V3_ALL_REGIONS_20260718
AV000036,W00036,2026-07-18,09:00,18:00,60,420,0,0,OFF_DUTY,비번,3.0,WF_V3_ALL_REGIONS_20260718
AV000037,W00037,2026-07-18,09:00,18:00,60,420,0,420,AVAILABLE,,3.0,WF_V3_ALL_REGIONS_20260718
AV000038,W00038,2026-07-18,09:00,18:00,60,420,30,390,AVAILABLE,,3.0,WF_V3_ALL_REGIONS_20260718
AV000039,W00039,2026-07-18,09:00,18:00,60,420,60,360,AVAILABLE,,3.0,WF_V3_ALL_REGIONS_20260718
AV000040,W00040,2026-07-18,09:00,18:00,60,420,90,330,AVAILABLE,,3.0,WF_V3_ALL_REGIONS_20260718
AV000041,W00041,2026-07-18,09:00,18:00,60,420,0,420,AVAILABLE,,3.0,WF_V3_ALL_REGIONS_20260718
AV000042,W00042,2026-07-18,09:00,18:00,60,420,0,0,OFF_DUTY,비번,3.0,WF_V3_ALL_REGIONS_20260718
AV000043,W00043,2026-07-18,09:00,18:00,60,420,0,420,AVAILABLE,,3.0,WF_V3_ALL_REGIONS_20260718
AV000044,W00044,2026-07-18,09:00,18:00,60,420,30,390,AVAILABLE,,3.0,WF_V3_ALL_REGIONS_20260718
AV000045,W00045,2026-07-18,09:00,18:00,60,420,60,360,AVAILABLE,,3.0,WF_V3_ALL_REGIONS_20260718
AV000046,W00046,2026-07-18,09:00,18:00,60,420,90,330,AVAILABLE,,3.0,WF_V3_ALL_REGIONS_20260718
AV000047,W00047,2026-07-18,09:00,18:00,60,420,0,420,AVAILABLE,,3.0,WF_V3_ALL_REGIONS_20260718
AV000048,W00048,2026-07-18,09:00,18:00,60,420,0,0,OFF_DUTY,비번,3.0,WF_V3_ALL_REGIONS_20260718
AV000049,W00049,2026-07-18,09:00,18:00,60,420,0,420,AVAILABLE,,3.0,WF_V3_ALL_REGIONS_20260718
AV000050,W00050,2026-07-18,09:00,18:00,60,420,30,390,AVAILABLE,,3.0,WF_V3_ALL_REGIONS_20260718
AV000051,W00051,2026-07-18,09:00,18:00,60,420,60,360,AVAILABLE,,3.0,WF_V3_ALL_REGIONS_20260718
AV000052,W00052,2026-07-18,09:00,18:00,60,420,90,330,AVAILABLE,,3.0,WF_V3_ALL_REGIONS_20260718
AV000053,W00053,2026-07-18,09:00,18:00,60,420,0,420,AVAILABLE,,3.0,WF_V3_ALL_REGIONS_20260718
AV000054,W00054,2026-07-18,09:00,18:00,60,420,0,0,OFF_DUTY,비번,3.0,WF_V3_ALL_REGIONS_20260718
AV000055,W00055,2026-07-18,09:00,18:00,60,420,0,420,AVAILABLE,,3.0,WF_V3_ALL_REGIONS_20260718
AV000056,W00056,2026-07-18,09:00,18:00,60,420,30,390,AVAILABLE,,3.0,WF_V3_ALL_REGIONS_20260718
AV000057,W00057,2026-07-18,09:00,18:00,60,420,60,360,AVAILABLE,,3.0,WF_V3_ALL_REGIONS_20260718
AV000058,W00058,2026-07-18,09:00,18:00,60,420,90,330,AVAILABLE,,3.0,WF_V3_ALL_REGIONS_20260718
AV000059,W00059,2026-07-18,09:00,18:00,60,420,0,420,AVAILABLE,,3.0,WF_V3_ALL_REGIONS_20260718
AV000060,W00060,2026-07-18,09:00,18:00,60,420,0,0,OFF_DUTY,비번,3.0,WF_V3_ALL_REGIONS_20260718
AV000061,W00061,2026-07-18,09:00,18:00,60,420,0,420,AVAILABLE,,3.0,WF_V3_ALL_REGIONS_20260718
AV000062,W00062,2026-07-18,09:00,18:00,60,420,30,390,AVAILABLE,,3.0,WF_V3_ALL_REGIONS_20260718
AV000063,W00063,2026-07-18,09:00,18:00,60,420,60,360,AVAILABLE,,3.0,WF_V3_ALL_REGIONS_20260718
AV000064,W00064,2026-07-18,09:00,18:00,60,420,90,330,AVAILABLE,,3.0,WF_V3_ALL_REGIONS_20260718
AV000065,W00065,2026-07-18,09:00,18:00,60,420,0,420,AVAILABLE,,3.0,WF_V3_ALL_REGIONS_20260718
AV000066,W00066,2026-07-18,09:00,18:00,60,420,0,0,OFF_DUTY,비번,3.0,WF_V3_ALL_REGIONS_20260718
AV000067,W00067,2026-07-18,09:00,18:00,60,420,0,420,AVAILABLE,,3.0,WF_V3_ALL_REGIONS_20260718
AV000068,W00068,2026-07-18,09:00,18:00,60,420,30,390,AVAILABLE,,3.0,WF_V3_ALL_REGIONS_20260718
AV000069,W00069,2026-07-18,09:00,18:00,60,420,60,360,AVAILABLE,,3.0,WF_V3_ALL_REGIONS_20260718
AV000070,W00070,2026-07-18,09:00,18:00,60,420,90,330,AVAILABLE,,3.0,WF_V3_ALL_REGIONS_20260718
AV000071,W00071,2026-07-18,09:00,18:00,60,420,0,420,AVAILABLE,,3.0,WF_V3_ALL_REGIONS_20260718
AV000072,W00072,2026-07-18,09:00,18:00,60,420,0,0,OFF_DUTY,비번,3.0,WF_V3_ALL_REGIONS_20260718
AV000073,W00073,2026-07-18,09:00,18:00,60,420,0,420,AVAILABLE,,3.0,WF_V3_ALL_REGIONS_20260718
AV000074,W00074,2026-07-18,09:00,18:00,60,420,30,390,AVAILABLE,,3.0,WF_V3_ALL_REGIONS_20260718
AV000075,W00075,2026-07-18,09:00,18:00,60,420,60,360,AVAILABLE,,3.0,WF_V3_ALL_REGIONS_20260718
AV000076,W00076,2026-07-18,09:00,18:00,60,420,90,330,AVAILABLE,,3.0,WF_V3_ALL_REGIONS_20260718
AV000077,W00077,2026-07-18,09:00,18:00,60,420,0,420,AVAILABLE,,3.0,WF_V3_ALL_REGIONS_20260718
AV000078,W00078,2026-07-18,09:00,18:00,60,420,0,0,OFF_DUTY,비번,3.0,WF_V3_ALL_REGIONS_20260718
AV000079,W00079,2026-07-18,09:00,18:00,60,420,0,420,AVAILABLE,,3.0,WF_V3_ALL_REGIONS_20260718
AV000080,W00080,2026-07-18,09:00,18:00,60,420,30,390,AVAILABLE,,3.0,WF_V3_ALL_REGIONS_20260718
AV000081,W00081,2026-07-18,09:00,18:00,60,420,60,360,AVAILABLE,,3.0,WF_V3_ALL_REGIONS_20260718
AV000082,W00082,2026-07-18,09:00,18:00,60,420,90,330,AVAILABLE,,3.0,WF_V3_ALL_REGIONS_20260718
AV000083,W00083,2026-07-18,09:00,18:00,60,420,0,420,AVAILABLE,,3.0,WF_V3_ALL_REGIONS_20260718
AV000084,W00084,2026-07-18,09:00,18:00,60,420,0,0,OFF_DUTY,비번,3.0,WF_V3_ALL_REGIONS_20260718
AV000085,W00085,2026-07-18,09:00,18:00,60,420,0,420,AVAILABLE,,3.0,WF_V3_ALL_REGIONS_20260718
AV000086,W00086,2026-07-18,09:00,18:00,60,420,30,390,AVAILABLE,,3.0,WF_V3_ALL_REGIONS_20260718
AV000087,W00087,2026-07-18,09:00,18:00,60,420,60,360,AVAILABLE,,3.0,WF_V3_ALL_REGIONS_20260718
AV000088,W00088,2026-07-18,09:00,18:00,60,420,90,330,AVAILABLE,,3.0,WF_V3_ALL_REGIONS_20260718
AV000089,W00089,2026-07-18,09:00,18:00,60,420,0,420,AVAILABLE,,3.0,WF_V3_ALL_REGIONS_20260718
AV000090,W00090,2026-07-18,09:00,18:00,60,420,0,0,OFF_DUTY,비번,3.0,WF_V3_ALL_REGIONS_20260718
AV000091,W00091,2026-07-18,09:00,18:00,60,420,0,420,AVAILABLE,,3.0,WF_V3_ALL_REGIONS_20260718
AV000092,W00092,2026-07-18,09:00,18:00,60,420,30,390,AVAILABLE,,3.0,WF_V3_ALL_REGIONS_20260718
AV000093,W00093,2026-07-18,09:00,18:00,60,420,60,360,AVAILABLE,,3.0,WF_V3_ALL_REGIONS_20260718
AV000094,W00094,2026-07-18,09:00,18:00,60,420,90,330,AVAILABLE,,3.0,WF_V3_ALL_REGIONS_20260718
AV000095,W00095,2026-07-18,09:00,18:00,60,420,0,420,AVAILABLE,,3.0,WF_V3_ALL_REGIONS_20260718
AV000096,W00096,2026-07-18,09:00,18:00,60,420,0,0,OFF_DUTY,비번,3.0,WF_V3_ALL_REGIONS_20260718
AV000097,W00097,2026-07-18,09:00,18:00,60,420,0,420,AVAILABLE,,3.0,WF_V3_ALL_REGIONS_20260718
AV000098,W00098,2026-07-18,09:00,18:00,60,420,30,390,AVAILABLE,,3.0,WF_V3_ALL_REGIONS_20260718
AV000099,W00099,2026-07-18,09:00,18:00,60,420,60,360,AVAILABLE,,3.0,WF_V3_ALL_REGIONS_20260718
AV000100,W00100,2026-07-18,09:00,18:00,60,420,90,330,AVAILABLE,,3.0,WF_V3_ALL_REGIONS_20260718
AV000101,W00101,2026-07-18,09:00,18:00,60,420,0,420,AVAILABLE,,3.0,WF_V3_ALL_REGIONS_20260718
AV000102,W00102,2026-07-18,09:00,18:00,60,420,0,0,OFF_DUTY,비번,3.0,WF_V3_ALL_REGIONS_20260718
AV000103,W00103,2026-07-18,09:00,18:00,60,420,0,420,AVAILABLE,,3.0,WF_V3_ALL_REGIONS_20260718
AV000104,W00104,2026-07-18,09:00,18:00,60,420,30,390,AVAILABLE,,3.0,WF_V3_ALL_REGIONS_20260718
AV000105,W00105,2026-07-18,09:00,18:00,60,420,60,360,AVAILABLE,,3.0,WF_V3_ALL_REGIONS_20260718
AV000106,W00106,2026-07-18,09:00,18:00,60,420,90,330,AVAILABLE,,3.0,WF_V3_ALL_REGIONS_20260718
AV000107,W00107,2026-07-18,09:00,18:00,60,420,0,420,AVAILABLE,,3.0,WF_V3_ALL_REGIONS_20260718
AV000108,W00108,2026-07-18,09:00,18:00,60,420,0,0,OFF_DUTY,비번,3.0,WF_V3_ALL_REGIONS_20260718
AV000109,W00109,2026-07-18,09:00,18:00,60,420,0,420,AVAILABLE,,3.0,WF_V3_ALL_REGIONS_20260718
AV000110,W00110,2026-07-18,09:00,18:00,60,420,30,390,AVAILABLE,,3.0,WF_V3_ALL_REGIONS_20260718
AV000111,W00111,2026-07-18,09:00,18:00,60,420,60,360,AVAILABLE,,3.0,WF_V3_ALL_REGIONS_20260718
AV000112,W00112,2026-07-18,09:00,18:00,60,420,90,330,AVAILABLE,,3.0,WF_V3_ALL_REGIONS_20260718
AV000113,W00113,2026-07-18,09:00,18:00,60,420,0,420,AVAILABLE,,3.0,WF_V3_ALL_REGIONS_20260718
AV000114,W00114,2026-07-18,09:00,18:00,60,420,0,0,OFF_DUTY,비번,3.0,WF_V3_ALL_REGIONS_20260718
AV000115,W00115,2026-07-18,09:00,18:00,60,420,0,420,AVAILABLE,,3.0,WF_V3_ALL_REGIONS_20260718
AV000116,W00116,2026-07-18,09:00,18:00,60,420,30,390,AVAILABLE,,3.0,WF_V3_ALL_REGIONS_20260718
AV000117,W00117,2026-07-18,09:00,18:00,60,420,60,360,AVAILABLE,,3.0,WF_V3_ALL_REGIONS_20260718
AV000118,W00118,2026-07-18,09:00,18:00,60,420,90,330,AVAILABLE,,3.0,WF_V3_ALL_REGIONS_20260718
AV000119,W00119,2026-07-18,09:00,18:00,60,420,0,420,AVAILABLE,,3.0,WF_V3_ALL_REGIONS_20260718
AV000120,W00120,2026-07-18,09:00,18:00,60,420,0,0,OFF_DUTY,비번,3.0,WF_V3_ALL_REGIONS_20260718
AV000121,W00121,2026-07-18,09:00,18:00,60,420,0,420,AVAILABLE,,3.0,WF_V3_ALL_REGIONS_20260718
AV000122,W00122,2026-07-18,09:00,18:00,60,420,30,390,AVAILABLE,,3.0,WF_V3_ALL_REGIONS_20260718
AV000123,W00123,2026-07-18,09:00,18:00,60,420,60,360,AVAILABLE,,3.0,WF_V3_ALL_REGIONS_20260718
AV000124,W00124,2026-07-18,09:00,18:00,60,420,90,330,AVAILABLE,,3.0,WF_V3_ALL_REGIONS_20260718
AV000125,W00125,2026-07-18,09:00,18:00,60,420,0,420,AVAILABLE,,3.0,WF_V3_ALL_REGIONS_20260718
AV000126,W00126,2026-07-18,09:00,18:00,60,420,0,0,OFF_DUTY,비번,3.0,WF_V3_ALL_REGIONS_20260718
AV000127,W00127,2026-07-18,09:00,18:00,60,420,0,420,AVAILABLE,,3.0,WF_V3_ALL_REGIONS_20260718
AV000128,W00128,2026-07-18,09:00,18:00,60,420,30,390,AVAILABLE,,3.0,WF_V3_ALL_REGIONS_20260718
AV000129,W00129,2026-07-18,09:00,18:00,60,420,60,360,AVAILABLE,,3.0,WF_V3_ALL_REGIONS_20260718
AV000130,W00130,2026-07-18,09:00,18:00,60,420,90,330,AVAILABLE,,3.0,WF_V3_ALL_REGIONS_20260718
AV000131,W00131,2026-07-18,09:00,18:00,60,420,0,420,AVAILABLE,,3.0,WF_V3_ALL_REGIONS_20260718
AV000132,W00132,2026-07-18,09:00,18:00,60,420,0,0,OFF_DUTY,비번,3.0,WF_V3_ALL_REGIONS_20260718
AV000133,W00133,2026-07-18,09:00,18:00,60,420,0,420,AVAILABLE,,3.0,WF_V3_ALL_REGIONS_20260718
AV000134,W00134,2026-07-18,09:00,18:00,60,420,30,390,AVAILABLE,,3.0,WF_V3_ALL_REGIONS_20260718
AV000135,W00135,2026-07-18,09:00,18:00,60,420,60,360,AVAILABLE,,3.0,WF_V3_ALL_REGIONS_20260718
AV000136,W00136,2026-07-18,09:00,18:00,60,420,90,330,AVAILABLE,,3.0,WF_V3_ALL_REGIONS_20260718
AV000137,W00137,2026-07-18,09:00,18:00,60,420,0,420,AVAILABLE,,3.0,WF_V3_ALL_REGIONS_20260718
AV000138,W00138,2026-07-18,09:00,18:00,60,420,0,0,OFF_DUTY,비번,3.0,WF_V3_ALL_REGIONS_20260718
AV000139,W00139,2026-07-18,09:00,18:00,60,420,0,420,AVAILABLE,,3.0,WF_V3_ALL_REGIONS_20260718
AV000140,W00140,2026-07-18,09:00,18:00,60,420,30,390,AVAILABLE,,3.0,WF_V3_ALL_REGIONS_20260718
AV000141,W00141,2026-07-18,09:00,18:00,60,420,60,360,AVAILABLE,,3.0,WF_V3_ALL_REGIONS_20260718
AV000142,W00142,2026-07-18,09:00,18:00,60,420,90,330,AVAILABLE,,3.0,WF_V3_ALL_REGIONS_20260718
AV000143,W00143,2026-07-18,09:00,18:00,60,420,0,420,AVAILABLE,,3.0,WF_V3_ALL_REGIONS_20260718
AV000144,W00144,2026-07-18,09:00,18:00,60,420,0,0,OFF_DUTY,비번,3.0,WF_V3_ALL_REGIONS_20260718
AV000145,W00145,2026-07-18,09:00,18:00,60,420,0,420,AVAILABLE,,3.0,WF_V3_ALL_REGIONS_20260718
AV000146,W00146,2026-07-18,09:00,18:00,60,420,30,390,AVAILABLE,,3.0,WF_V3_ALL_REGIONS_20260718
AV000147,W00147,2026-07-18,09:00,18:00,60,420,60,360,AVAILABLE,,3.0,WF_V3_ALL_REGIONS_20260718
AV000148,W00148,2026-07-18,09:00,18:00,60,420,90,330,AVAILABLE,,3.0,WF_V3_ALL_REGIONS_20260718
AV000149,W00149,2026-07-18,09:00,18:00,60,420,0,420,AVAILABLE,,3.0,WF_V3_ALL_REGIONS_20260718
AV000150,W00150,2026-07-18,09:00,18:00,60,420,0,0,OFF_DUTY,비번,3.0,WF_V3_ALL_REGIONS_20260718
AV000151,W00151,2026-07-18,09:00,18:00,60,420,0,420,AVAILABLE,,3.0,WF_V3_ALL_REGIONS_20260718
AV000152,W00152,2026-07-18,09:00,18:00,60,420,30,390,AVAILABLE,,3.0,WF_V3_ALL_REGIONS_20260718
AV000153,W00153,2026-07-18,09:00,18:00,60,420,60,360,AVAILABLE,,3.0,WF_V3_ALL_REGIONS_20260718
AV000154,W00154,2026-07-18,09:00,18:00,60,420,90,330,AVAILABLE,,3.0,WF_V3_ALL_REGIONS_20260718
AV000155,W00155,2026-07-18,09:00,18:00,60,420,0,420,AVAILABLE,,3.0,WF_V3_ALL_REGIONS_20260718
AV000156,W00156,2026-07-18,09:00,18:00,60,420,0,0,OFF_DUTY,비번,3.0,WF_V3_ALL_REGIONS_20260718
AV000157,W00157,2026-07-18,09:00,18:00,60,420,0,420,AVAILABLE,,3.0,WF_V3_ALL_REGIONS_20260718
AV000158,W00158,2026-07-18,09:00,18:00,60,420,30,390,AVAILABLE,,3.0,WF_V3_ALL_REGIONS_20260718
AV000159,W00159,2026-07-18,09:00,18:00,60,420,60,360,AVAILABLE,,3.0,WF_V3_ALL_REGIONS_20260718
AV000160,W00160,2026-07-18,09:00,18:00,60,420,90,330,AVAILABLE,,3.0,WF_V3_ALL_REGIONS_20260718
AV000161,W00161,2026-07-18,09:00,18:00,60,420,0,420,AVAILABLE,,3.0,WF_V3_ALL_REGIONS_20260718
AV000162,W00162,2026-07-18,09:00,18:00,60,420,0,0,OFF_DUTY,비번,3.0,WF_V3_ALL_REGIONS_20260718
AV000163,W00163,2026-07-18,09:00,18:00,60,420,0,420,AVAILABLE,,3.0,WF_V3_ALL_REGIONS_20260718
AV000164,W00164,2026-07-18,09:00,18:00,60,420,30,390,AVAILABLE,,3.0,WF_V3_ALL_REGIONS_20260718
AV000165,W00165,2026-07-18,09:00,18:00,60,420,60,360,AVAILABLE,,3.0,WF_V3_ALL_REGIONS_20260718
AV000166,W00166,2026-07-18,09:00,18:00,60,420,90,330,AVAILABLE,,3.0,WF_V3_ALL_REGIONS_20260718
AV000167,W00167,2026-07-18,09:00,18:00,60,420,0,420,AVAILABLE,,3.0,WF_V3_ALL_REGIONS_20260718
AV000168,W00168,2026-07-18,09:00,18:00,60,420,0,0,OFF_DUTY,비번,3.0,WF_V3_ALL_REGIONS_20260718
AV000169,W00169,2026-07-18,09:00,18:00,60,420,0,420,AVAILABLE,,3.0,WF_V3_ALL_REGIONS_20260718
AV000170,W00170,2026-07-18,09:00,18:00,60,420,30,390,AVAILABLE,,3.0,WF_V3_ALL_REGIONS_20260718
AV000171,W00171,2026-07-18,09:00,18:00,60,420,60,360,AVAILABLE,,3.0,WF_V3_ALL_REGIONS_20260718
AV000172,W00172,2026-07-18,09:00,18:00,60,420,90,330,AVAILABLE,,3.0,WF_V3_ALL_REGIONS_20260718
AV000173,W00173,2026-07-18,09:00,18:00,60,420,0,420,AVAILABLE,,3.0,WF_V3_ALL_REGIONS_20260718
AV000174,W00174,2026-07-18,09:00,18:00,60,420,0,0,OFF_DUTY,비번,3.0,WF_V3_ALL_REGIONS_20260718
AV000175,W00175,2026-07-18,09:00,18:00,60,420,0,420,AVAILABLE,,3.0,WF_V3_ALL_REGIONS_20260718
AV000176,W00176,2026-07-18,09:00,18:00,60,420,30,390,AVAILABLE,,3.0,WF_V3_ALL_REGIONS_20260718
AV000177,W00177,2026-07-18,09:00,18:00,60,420,60,360,AVAILABLE,,3.0,WF_V3_ALL_REGIONS_20260718
AV000178,W00178,2026-07-18,09:00,18:00,60,420,90,330,AVAILABLE,,3.0,WF_V3_ALL_REGIONS_20260718
AV000179,W00179,2026-07-18,09:00,18:00,60,420,0,420,AVAILABLE,,3.0,WF_V3_ALL_REGIONS_20260718
AV000180,W00180,2026-07-18,09:00,18:00,60,420,0,0,OFF_DUTY,비번,3.0,WF_V3_ALL_REGIONS_20260718
AV000181,W00181,2026-07-18,09:00,18:00,60,420,0,420,AVAILABLE,,3.0,WF_V3_ALL_REGIONS_20260718
AV000182,W00182,2026-07-18,09:00,18:00,60,420,30,390,AVAILABLE,,3.0,WF_V3_ALL_REGIONS_20260718
AV000183,W00183,2026-07-18,09:00,18:00,60,420,60,360,AVAILABLE,,3.0,WF_V3_ALL_REGIONS_20260718
AV000184,W00184,2026-07-18,09:00,18:00,60,420,90,330,AVAILABLE,,3.0,WF_V3_ALL_REGIONS_20260718
AV000185,W00185,2026-07-18,09:00,18:00,60,420,0,420,AVAILABLE,,3.0,WF_V3_ALL_REGIONS_20260718
AV000186,W00186,2026-07-18,09:00,18:00,60,420,0,0,OFF_DUTY,비번,3.0,WF_V3_ALL_REGIONS_20260718
AV000187,W00187,2026-07-18,09:00,18:00,60,420,0,420,AVAILABLE,,3.0,WF_V3_ALL_REGIONS_20260718
AV000188,W00188,2026-07-18,09:00,18:00,60,420,30,390,AVAILABLE,,3.0,WF_V3_ALL_REGIONS_20260718
AV000189,W00189,2026-07-18,09:00,18:00,60,420,60,360,AVAILABLE,,3.0,WF_V3_ALL_REGIONS_20260718
AV000190,W00190,2026-07-18,09:00,18:00,60,420,90,330,AVAILABLE,,3.0,WF_V3_ALL_REGIONS_20260718
AV000191,W00191,2026-07-18,09:00,18:00,60,420,0,420,AVAILABLE,,3.0,WF_V3_ALL_REGIONS_20260718
AV000192,W00192,2026-07-18,09:00,18:00,60,420,0,0,OFF_DUTY,비번,3.0,WF_V3_ALL_REGIONS_20260718
AV000193,W00193,2026-07-18,09:00,18:00,60,420,0,420,AVAILABLE,,3.0,WF_V3_ALL_REGIONS_20260718
AV000194,W00194,2026-07-18,09:00,18:00,60,420,30,390,AVAILABLE,,3.0,WF_V3_ALL_REGIONS_20260718
AV000195,W00195,2026-07-18,09:00,18:00,60,420,60,360,AVAILABLE,,3.0,WF_V3_ALL_REGIONS_20260718
AV000196,W00196,2026-07-18,09:00,18:00,60,420,90,330,AVAILABLE,,3.0,WF_V3_ALL_REGIONS_20260718
AV000197,W00197,2026-07-18,09:00,18:00,60,420,0,420,AVAILABLE,,3.0,WF_V3_ALL_REGIONS_20260718
AV000198,W00198,2026-07-18,09:00,18:00,60,420,0,0,OFF_DUTY,비번,3.0,WF_V3_ALL_REGIONS_20260718
AV000199,W00199,2026-07-18,09:00,18:00,60,420,0,420,AVAILABLE,,3.0,WF_V3_ALL_REGIONS_20260718
AV000200,W00200,2026-07-18,09:00,18:00,60,420,30,390,AVAILABLE,,3.0,WF_V3_ALL_REGIONS_20260718
AV000201,W00201,2026-07-18,09:00,18:00,60,420,60,360,AVAILABLE,,3.0,WF_V3_ALL_REGIONS_20260718
AV000202,W00202,2026-07-18,09:00,18:00,60,420,90,330,AVAILABLE,,3.0,WF_V3_ALL_REGIONS_20260718
AV000203,W00203,2026-07-18,09:00,18:00,60,420,0,420,AVAILABLE,,3.0,WF_V3_ALL_REGIONS_20260718
AV000204,W00204,2026-07-18,09:00,18:00,60,420,0,0,OFF_DUTY,비번,3.0,WF_V3_ALL_REGIONS_20260718
AV000205,W00205,2026-07-18,09:00,18:00,60,420,0,420,AVAILABLE,,3.0,WF_V3_ALL_REGIONS_20260718
AV000206,W00206,2026-07-18,09:00,18:00,60,420,30,390,AVAILABLE,,3.0,WF_V3_ALL_REGIONS_20260718
AV000207,W00207,2026-07-18,09:00,18:00,60,420,60,360,AVAILABLE,,3.0,WF_V3_ALL_REGIONS_20260718
AV000208,W00208,2026-07-18,09:00,18:00,60,420,90,330,AVAILABLE,,3.0,WF_V3_ALL_REGIONS_20260718
AV000209,W00209,2026-07-18,09:00,18:00,60,420,0,420,AVAILABLE,,3.0,WF_V3_ALL_REGIONS_20260718
AV000210,W00210,2026-07-18,09:00,18:00,60,420,0,0,OFF_DUTY,비번,3.0,WF_V3_ALL_REGIONS_20260718
AV000211,W00211,2026-07-18,09:00,18:00,60,420,0,420,AVAILABLE,,3.0,WF_V3_ALL_REGIONS_20260718
AV000212,W00212,2026-07-18,09:00,18:00,60,420,30,390,AVAILABLE,,3.0,WF_V3_ALL_REGIONS_20260718
AV000213,W00213,2026-07-18,09:00,18:00,60,420,60,360,AVAILABLE,,3.0,WF_V3_ALL_REGIONS_20260718
AV000214,W00214,2026-07-18,09:00,18:00,60,420,90,330,AVAILABLE,,3.0,WF_V3_ALL_REGIONS_20260718
AV000215,W00215,2026-07-18,09:00,18:00,60,420,0,420,AVAILABLE,,3.0,WF_V3_ALL_REGIONS_20260718
AV000216,W00216,2026-07-18,09:00,18:00,60,420,0,0,OFF_DUTY,비번,3.0,WF_V3_ALL_REGIONS_20260718
AV000217,W00217,2026-07-18,09:00,18:00,60,420,0,420,AVAILABLE,,3.0,WF_V3_ALL_REGIONS_20260718
AV000218,W00218,2026-07-18,09:00,18:00,60,420,30,390,AVAILABLE,,3.0,WF_V3_ALL_REGIONS_20260718
AV000219,W00219,2026-07-18,09:00,18:00,60,420,60,360,AVAILABLE,,3.0,WF_V3_ALL_REGIONS_20260718
AV000220,W00220,2026-07-18,09:00,18:00,60,420,90,330,AVAILABLE,,3.0,WF_V3_ALL_REGIONS_20260718
AV000221,W00221,2026-07-18,09:00,18:00,60,420,0,420,AVAILABLE,,3.0,WF_V3_ALL_REGIONS_20260718
AV000222,W00222,2026-07-18,09:00,18:00,60,420,0,0,OFF_DUTY,비번,3.0,WF_V3_ALL_REGIONS_20260718
AV000223,W00223,2026-07-18,09:00,18:00,60,420,0,420,AVAILABLE,,3.0,WF_V3_ALL_REGIONS_20260718
AV000224,W00224,2026-07-18,09:00,18:00,60,420,30,390,AVAILABLE,,3.0,WF_V3_ALL_REGIONS_20260718
AV000225,W00225,2026-07-18,09:00,18:00,60,420,60,360,AVAILABLE,,3.0,WF_V3_ALL_REGIONS_20260718
AV000226,W00226,2026-07-18,09:00,18:00,60,420,90,330,AVAILABLE,,3.0,WF_V3_ALL_REGIONS_20260718
AV000227,W00227,2026-07-18,09:00,18:00,60,420,0,420,AVAILABLE,,3.0,WF_V3_ALL_REGIONS_20260718
AV000228,W00228,2026-07-18,09:00,18:00,60,420,0,0,OFF_DUTY,비번,3.0,WF_V3_ALL_REGIONS_20260718
AV000229,W00229,2026-07-18,09:00,18:00,60,420,0,420,AVAILABLE,,3.0,WF_V3_ALL_REGIONS_20260718
AV000230,W00230,2026-07-18,09:00,18:00,60,420,30,390,AVAILABLE,,3.0,WF_V3_ALL_REGIONS_20260718
AV000231,W00231,2026-07-18,09:00,18:00,60,420,60,360,AVAILABLE,,3.0,WF_V3_ALL_REGIONS_20260718
AV000232,W00232,2026-07-18,09:00,18:00,60,420,90,330,AVAILABLE,,3.0,WF_V3_ALL_REGIONS_20260718
AV000233,W00233,2026-07-18,09:00,18:00,60,420,0,420,AVAILABLE,,3.0,WF_V3_ALL_REGIONS_20260718
AV000234,W00234,2026-07-18,09:00,18:00,60,420,0,0,OFF_DUTY,비번,3.0,WF_V3_ALL_REGIONS_20260718
AV000235,W00235,2026-07-18,09:00,18:00,60,420,0,420,AVAILABLE,,3.0,WF_V3_ALL_REGIONS_20260718
AV000236,W00236,2026-07-18,09:00,18:00,60,420,30,390,AVAILABLE,,3.0,WF_V3_ALL_REGIONS_20260718
AV000237,W00237,2026-07-18,09:00,18:00,60,420,60,360,AVAILABLE,,3.0,WF_V3_ALL_REGIONS_20260718
AV000238,W00238,2026-07-18,09:00,18:00,60,420,90,330,AVAILABLE,,3.0,WF_V3_ALL_REGIONS_20260718
AV000239,W00239,2026-07-18,09:00,18:00,60,420,0,420,AVAILABLE,,3.0,WF_V3_ALL_REGIONS_20260718
AV000240,W00240,2026-07-18,09:00,18:00,60,420,0,0,OFF_DUTY,비번,3.0,WF_V3_ALL_REGIONS_20260718
AV000241,W00241,2026-07-18,09:00,18:00,60,420,0,420,AVAILABLE,,3.0,WF_V3_ALL_REGIONS_20260718
AV000242,W00242,2026-07-18,09:00,18:00,60,420,30,390,AVAILABLE,,3.0,WF_V3_ALL_REGIONS_20260718
AV000243,W00243,2026-07-18,09:00,18:00,60,420,60,360,AVAILABLE,,3.0,WF_V3_ALL_REGIONS_20260718
AV000244,W00244,2026-07-18,09:00,18:00,60,420,90,330,AVAILABLE,,3.0,WF_V3_ALL_REGIONS_20260718
AV000245,W00245,2026-07-18,09:00,18:00,60,420,0,420,AVAILABLE,,3.0,WF_V3_ALL_REGIONS_20260718
AV000246,W00246,2026-07-18,09:00,18:00,60,420,0,0,OFF_DUTY,비번,3.0,WF_V3_ALL_REGIONS_20260718
AV000247,W00247,2026-07-18,09:00,18:00,60,420,0,420,AVAILABLE,,3.0,WF_V3_ALL_REGIONS_20260718
AV000248,W00248,2026-07-18,09:00,18:00,60,420,30,390,AVAILABLE,,3.0,WF_V3_ALL_REGIONS_20260718
AV000249,W00249,2026-07-18,09:00,18:00,60,420,60,360,AVAILABLE,,3.0,WF_V3_ALL_REGIONS_20260718
AV000250,W00250,2026-07-18,09:00,18:00,60,420,90,330,AVAILABLE,,3.0,WF_V3_ALL_REGIONS_20260718
AV000251,W00251,2026-07-18,09:00,18:00,60,420,0,420,AVAILABLE,,3.0,WF_V3_ALL_REGIONS_20260718
AV000252,W00252,2026-07-18,09:00,18:00,60,420,0,0,OFF_DUTY,비번,3.0,WF_V3_ALL_REGIONS_20260718
AV000253,W00253,2026-07-18,09:00,18:00,60,420,0,420,AVAILABLE,,3.0,WF_V3_ALL_REGIONS_20260718
AV000254,W00254,2026-07-18,09:00,18:00,60,420,30,390,AVAILABLE,,3.0,WF_V3_ALL_REGIONS_20260718
AV000255,W00255,2026-07-18,09:00,18:00,60,420,60,360,AVAILABLE,,3.0,WF_V3_ALL_REGIONS_20260718
AV000256,W00256,2026-07-18,09:00,18:00,60,420,90,330,AVAILABLE,,3.0,WF_V3_ALL_REGIONS_20260718
AV000257,W00257,2026-07-18,09:00,18:00,60,420,0,420,AVAILABLE,,3.0,WF_V3_ALL_REGIONS_20260718
AV000258,W00258,2026-07-18,09:00,18:00,60,420,30,390,AVAILABLE,,3.0,WF_V3_ALL_REGIONS_20260718
AV000259,W00259,2026-07-18,09:00,18:00,60,420,0,0,OFF_DUTY,비번,3.0,WF_V3_ALL_REGIONS_20260718
AV000260,W00260,2026-07-18,09:00,18:00,60,420,0,420,AVAILABLE,,3.0,WF_V3_ALL_REGIONS_20260718
AV000261,W00261,2026-07-18,09:00,18:00,60,420,30,390,AVAILABLE,,3.0,WF_V3_ALL_REGIONS_20260718
AV000262,W00262,2026-07-18,09:00,18:00,60,420,60,360,AVAILABLE,,3.0,WF_V3_ALL_REGIONS_20260718
AV000263,W00263,2026-07-18,09:00,18:00,60,420,90,330,AVAILABLE,,3.0,WF_V3_ALL_REGIONS_20260718
AV000264,W00264,2026-07-18,09:00,18:00,60,420,0,420,AVAILABLE,,3.0,WF_V3_ALL_REGIONS_20260718
AV000265,W00265,2026-07-18,09:00,18:00,60,420,0,0,OFF_DUTY,비번,3.0,WF_V3_ALL_REGIONS_20260718
AV000266,W00266,2026-07-18,09:00,18:00,60,420,0,420,AVAILABLE,,3.0,WF_V3_ALL_REGIONS_20260718
AV000267,W00267,2026-07-18,09:00,18:00,60,420,30,390,AVAILABLE,,3.0,WF_V3_ALL_REGIONS_20260718
AV000268,W00268,2026-07-18,09:00,18:00,60,420,60,360,AVAILABLE,,3.0,WF_V3_ALL_REGIONS_20260718
AV000269,W00269,2026-07-18,09:00,18:00,60,420,90,330,AVAILABLE,,3.0,WF_V3_ALL_REGIONS_20260718
AV000270,W00270,2026-07-18,09:00,18:00,60,420,0,420,AVAILABLE,,3.0,WF_V3_ALL_REGIONS_20260718
AV000271,W00271,2026-07-18,09:00,18:00,60,420,0,0,OFF_DUTY,비번,3.0,WF_V3_ALL_REGIONS_20260718
AV000272,W00272,2026-07-18,09:00,18:00,60,420,0,420,AVAILABLE,,3.0,WF_V3_ALL_REGIONS_20260718
AV000273,W00273,2026-07-18,09:00,18:00,60,420,30,390,AVAILABLE,,3.0,WF_V3_ALL_REGIONS_20260718
AV000274,W00274,2026-07-18,09:00,18:00,60,420,60,360,AVAILABLE,,3.0,WF_V3_ALL_REGIONS_20260718
AV000275,W00275,2026-07-18,09:00,18:00,60,420,90,330,AVAILABLE,,3.0,WF_V3_ALL_REGIONS_20260718
AV000276,W00276,2026-07-18,09:00,18:00,60,420,0,420,AVAILABLE,,3.0,WF_V3_ALL_REGIONS_20260718
AV000277,W00277,2026-07-18,09:00,18:00,60,420,0,0,OFF_DUTY,비번,3.0,WF_V3_ALL_REGIONS_20260718
AV000278,W00278,2026-07-18,09:00,18:00,60,420,0,420,AVAILABLE,,3.0,WF_V3_ALL_REGIONS_20260718
AV000279,W00279,2026-07-18,09:00,18:00,60,420,30,390,AVAILABLE,,3.0,WF_V3_ALL_REGIONS_20260718
AV000280,W00280,2026-07-18,09:00,18:00,60,420,60,360,AVAILABLE,,3.0,WF_V3_ALL_REGIONS_20260718
AV000281,W00281,2026-07-18,09:00,18:00,60,420,90,330,AVAILABLE,,3.0,WF_V3_ALL_REGIONS_20260718
AV000282,W00282,2026-07-18,09:00,18:00,60,420,0,420,AVAILABLE,,3.0,WF_V3_ALL_REGIONS_20260718
AV000283,W00283,2026-07-18,09:00,18:00,60,420,0,0,OFF_DUTY,비번,3.0,WF_V3_ALL_REGIONS_20260718
AV000284,W00284,2026-07-18,09:00,18:00,60,420,0,420,AVAILABLE,,3.0,WF_V3_ALL_REGIONS_20260718
AV000285,W00285,2026-07-18,09:00,18:00,60,420,30,390,AVAILABLE,,3.0,WF_V3_ALL_REGIONS_20260718
AV000286,W00286,2026-07-18,09:00,18:00,60,420,60,360,AVAILABLE,,3.0,WF_V3_ALL_REGIONS_20260718
AV000287,W00287,2026-07-18,09:00,18:00,60,420,90,330,AVAILABLE,,3.0,WF_V3_ALL_REGIONS_20260718
AV000288,W00288,2026-07-18,09:00,18:00,60,420,0,420,AVAILABLE,,3.0,WF_V3_ALL_REGIONS_20260718
AV000289,W00289,2026-07-18,09:00,18:00,60,420,0,0,OFF_DUTY,비번,3.0,WF_V3_ALL_REGIONS_20260718
AV000290,W00290,2026-07-18,09:00,18:00,60,420,0,420,AVAILABLE,,3.0,WF_V3_ALL_REGIONS_20260718
AV000291,W00291,2026-07-18,09:00,18:00,60,420,30,390,AVAILABLE,,3.0,WF_V3_ALL_REGIONS_20260718
AV000292,W00292,2026-07-18,09:00,18:00,60,420,60,360,AVAILABLE,,3.0,WF_V3_ALL_REGIONS_20260718
AV000293,W00293,2026-07-18,09:00,18:00,60,420,90,330,AVAILABLE,,3.0,WF_V3_ALL_REGIONS_20260718
AV000294,W00294,2026-07-18,09:00,18:00,60,420,0,420,AVAILABLE,,3.0,WF_V3_ALL_REGIONS_20260718
AV000295,W00295,2026-07-18,09:00,18:00,60,420,0,0,OFF_DUTY,비번,3.0,WF_V3_ALL_REGIONS_20260718
AV000296,W00296,2026-07-18,09:00,18:00,60,420,0,420,AVAILABLE,,3.0,WF_V3_ALL_REGIONS_20260718
AV000297,W00297,2026-07-18,09:00,18:00,60,420,30,390,AVAILABLE,,3.0,WF_V3_ALL_REGIONS_20260718
AV000298,W00298,2026-07-18,09:00,18:00,60,420,60,360,AVAILABLE,,3.0,WF_V3_ALL_REGIONS_20260718
AV000299,W00299,2026-07-18,09:00,18:00,60,420,90,330,AVAILABLE,,3.0,WF_V3_ALL_REGIONS_20260718
AV000300,W00300,2026-07-18,09:00,18:00,60,420,0,420,AVAILABLE,,3.0,WF_V3_ALL_REGIONS_20260718
AV000301,W00301,2026-07-18,09:00,18:00,60,420,0,0,OFF_DUTY,비번,3.0,WF_V3_ALL_REGIONS_20260718
AV000302,W00302,2026-07-18,09:00,18:00,60,420,0,420,AVAILABLE,,3.0,WF_V3_ALL_REGIONS_20260718
AV000303,W00303,2026-07-18,09:00,18:00,60,420,30,390,AVAILABLE,,3.0,WF_V3_ALL_REGIONS_20260718
AV000304,W00304,2026-07-18,09:00,18:00,60,420,60,360,AVAILABLE,,3.0,WF_V3_ALL_REGIONS_20260718
AV000305,W00305,2026-07-18,09:00,18:00,60,420,90,330,AVAILABLE,,3.0,WF_V3_ALL_REGIONS_20260718
AV000306,W00306,2026-07-18,09:00,18:00,60,420,0,420,AVAILABLE,,3.0,WF_V3_ALL_REGIONS_20260718
AV000307,W00307,2026-07-18,09:00,18:00,60,420,0,0,OFF_DUTY,비번,3.0,WF_V3_ALL_REGIONS_20260718
AV000308,W00308,2026-07-18,09:00,18:00,60,420,0,420,AVAILABLE,,3.0,WF_V3_ALL_REGIONS_20260718
AV000309,W00309,2026-07-18,09:00,18:00,60,420,30,390,AVAILABLE,,3.0,WF_V3_ALL_REGIONS_20260718
AV000310,W00310,2026-07-18,09:00,18:00,60,420,60,360,AVAILABLE,,3.0,WF_V3_ALL_REGIONS_20260718
AV000311,W00311,2026-07-18,09:00,18:00,60,420,90,330,AVAILABLE,,3.0,WF_V3_ALL_REGIONS_20260718
AV000312,W00312,2026-07-18,09:00,18:00,60,420,0,420,AVAILABLE,,3.0,WF_V3_ALL_REGIONS_20260718
AV000313,W00313,2026-07-18,09:00,18:00,60,420,30,390,AVAILABLE,,3.0,WF_V3_ALL_REGIONS_20260718
AV000314,W00314,2026-07-18,09:00,18:00,60,420,0,0,OFF_DUTY,비번,3.0,WF_V3_ALL_REGIONS_20260718
AV000315,W00315,2026-07-18,09:00,18:00,60,420,0,420,AVAILABLE,,3.0,WF_V3_ALL_REGIONS_20260718
AV000316,W00316,2026-07-18,09:00,18:00,60,420,30,390,AVAILABLE,,3.0,WF_V3_ALL_REGIONS_20260718
AV000317,W00317,2026-07-18,09:00,18:00,60,420,60,360,AVAILABLE,,3.0,WF_V3_ALL_REGIONS_20260718
AV000318,W00318,2026-07-18,09:00,18:00,60,420,90,330,AVAILABLE,,3.0,WF_V3_ALL_REGIONS_20260718
AV000319,W00319,2026-07-18,09:00,18:00,60,420,0,420,AVAILABLE,,3.0,WF_V3_ALL_REGIONS_20260718
AV000320,W00320,2026-07-18,09:00,18:00,60,420,0,0,OFF_DUTY,비번,3.0,WF_V3_ALL_REGIONS_20260718
AV000321,W00321,2026-07-18,09:00,18:00,60,420,0,420,AVAILABLE,,3.0,WF_V3_ALL_REGIONS_20260718
AV000322,W00322,2026-07-18,09:00,18:00,60,420,30,390,AVAILABLE,,3.0,WF_V3_ALL_REGIONS_20260718
AV000323,W00323,2026-07-18,09:00,18:00,60,420,60,360,AVAILABLE,,3.0,WF_V3_ALL_REGIONS_20260718
AV000324,W00324,2026-07-18,09:00,18:00,60,420,90,330,AVAILABLE,,3.0,WF_V3_ALL_REGIONS_20260718
AV000325,W00325,2026-07-18,09:00,18:00,60,420,0,420,AVAILABLE,,3.0,WF_V3_ALL_REGIONS_20260718
AV000326,W00326,2026-07-18,09:00,18:00,60,420,0,0,OFF_DUTY,비번,3.0,WF_V3_ALL_REGIONS_20260718
AV000327,W00327,2026-07-18,09:00,18:00,60,420,0,420,AVAILABLE,,3.0,WF_V3_ALL_REGIONS_20260718
AV000328,W00328,2026-07-18,09:00,18:00,60,420,30,390,AVAILABLE,,3.0,WF_V3_ALL_REGIONS_20260718
AV000329,W00329,2026-07-18,09:00,18:00,60,420,60,360,AVAILABLE,,3.0,WF_V3_ALL_REGIONS_20260718
AV000330,W00330,2026-07-18,09:00,18:00,60,420,90,330,AVAILABLE,,3.0,WF_V3_ALL_REGIONS_20260718
AV000331,W00331,2026-07-18,09:00,18:00,60,420,0,420,AVAILABLE,,3.0,WF_V3_ALL_REGIONS_20260718
AV000332,W00332,2026-07-18,09:00,18:00,60,420,30,390,AVAILABLE,,3.0,WF_V3_ALL_REGIONS_20260718
AV000333,W00333,2026-07-18,09:00,18:00,60,420,0,0,OFF_DUTY,비번,3.0,WF_V3_ALL_REGIONS_20260718
AV000334,W00334,2026-07-18,09:00,18:00,60,420,0,420,AVAILABLE,,3.0,WF_V3_ALL_REGIONS_20260718
AV000335,W00335,2026-07-18,09:00,18:00,60,420,30,390,AVAILABLE,,3.0,WF_V3_ALL_REGIONS_20260718
AV000336,W00336,2026-07-18,09:00,18:00,60,420,60,360,AVAILABLE,,3.0,WF_V3_ALL_REGIONS_20260718
AV000337,W00337,2026-07-18,09:00,18:00,60,420,90,330,AVAILABLE,,3.0,WF_V3_ALL_REGIONS_20260718
AV000338,W00338,2026-07-18,09:00,18:00,60,420,0,420,AVAILABLE,,3.0,WF_V3_ALL_REGIONS_20260718
AV000339,W00339,2026-07-18,09:00,18:00,60,420,30,390,AVAILABLE,,3.0,WF_V3_ALL_REGIONS_20260718
AV000340,W00340,2026-07-18,09:00,18:00,60,420,0,0,OFF_DUTY,비번,3.0,WF_V3_ALL_REGIONS_20260718
AV000341,W00341,2026-07-18,09:00,18:00,60,420,0,420,AVAILABLE,,3.0,WF_V3_ALL_REGIONS_20260718
AV000342,W00342,2026-07-18,09:00,18:00,60,420,30,390,AVAILABLE,,3.0,WF_V3_ALL_REGIONS_20260718
AV000343,W00343,2026-07-18,09:00,18:00,60,420,60,360,AVAILABLE,,3.0,WF_V3_ALL_REGIONS_20260718
AV000344,W00344,2026-07-18,09:00,18:00,60,420,90,330,AVAILABLE,,3.0,WF_V3_ALL_REGIONS_20260718
AV000345,W00345,2026-07-18,09:00,18:00,60,420,0,420,AVAILABLE,,3.0,WF_V3_ALL_REGIONS_20260718
AV000346,W00346,2026-07-18,09:00,18:00,60,420,30,390,AVAILABLE,,3.0,WF_V3_ALL_REGIONS_20260718
AV000347,W00347,2026-07-18,09:00,18:00,60,420,0,0,OFF_DUTY,비번,3.0,WF_V3_ALL_REGIONS_20260718
AV000348,W00348,2026-07-18,09:00,18:00,60,420,0,420,AVAILABLE,,3.0,WF_V3_ALL_REGIONS_20260718
AV000349,W00349,2026-07-18,09:00,18:00,60,420,30,390,AVAILABLE,,3.0,WF_V3_ALL_REGIONS_20260718
AV000350,W00350,2026-07-18,09:00,18:00,60,420,60,360,AVAILABLE,,3.0,WF_V3_ALL_REGIONS_20260718
AV000351,W00351,2026-07-18,09:00,18:00,60,420,90,330,AVAILABLE,,3.0,WF_V3_ALL_REGIONS_20260718
AV000352,W00352,2026-07-18,09:00,18:00,60,420,0,420,AVAILABLE,,3.0,WF_V3_ALL_REGIONS_20260718
AV000353,W00353,2026-07-18,09:00,18:00,60,420,30,390,AVAILABLE,,3.0,WF_V3_ALL_REGIONS_20260718
AV000354,W00354,2026-07-18,09:00,18:00,60,420,0,0,OFF_DUTY,비번,3.0,WF_V3_ALL_REGIONS_20260718
AV000355,W00355,2026-07-18,09:00,18:00,60,420,0,420,AVAILABLE,,3.0,WF_V3_ALL_REGIONS_20260718
AV000356,W00356,2026-07-18,09:00,18:00,60,420,30,390,AVAILABLE,,3.0,WF_V3_ALL_REGIONS_20260718
AV000357,W00357,2026-07-18,09:00,18:00,60,420,60,360,AVAILABLE,,3.0,WF_V3_ALL_REGIONS_20260718
AV000358,W00358,2026-07-18,09:00,18:00,60,420,90,330,AVAILABLE,,3.0,WF_V3_ALL_REGIONS_20260718
AV000359,W00359,2026-07-18,09:00,18:00,60,420,0,420,AVAILABLE,,3.0,WF_V3_ALL_REGIONS_20260718
AV000360,W00360,2026-07-18,09:00,18:00,60,420,0,0,OFF_DUTY,비번,3.0,WF_V3_ALL_REGIONS_20260718
AV000361,W00361,2026-07-18,09:00,18:00,60,420,0,420,AVAILABLE,,3.0,WF_V3_ALL_REGIONS_20260718
AV000362,W00362,2026-07-18,09:00,18:00,60,420,30,390,AVAILABLE,,3.0,WF_V3_ALL_REGIONS_20260718
AV000363,W00363,2026-07-18,09:00,18:00,60,420,60,360,AVAILABLE,,3.0,WF_V3_ALL_REGIONS_20260718
AV000364,W00364,2026-07-18,09:00,18:00,60,420,90,330,AVAILABLE,,3.0,WF_V3_ALL_REGIONS_20260718
AV000365,W00365,2026-07-18,09:00,18:00,60,420,0,420,AVAILABLE,,3.0,WF_V3_ALL_REGIONS_20260718
AV000366,W00366,2026-07-18,09:00,18:00,60,420,30,390,AVAILABLE,,3.0,WF_V3_ALL_REGIONS_20260718
AV000367,W00367,2026-07-18,09:00,18:00,60,420,0,0,OFF_DUTY,비번,3.0,WF_V3_ALL_REGIONS_20260718
AV000368,W00368,2026-07-18,09:00,18:00,60,420,0,420,AVAILABLE,,3.0,WF_V3_ALL_REGIONS_20260718
AV000369,W00369,2026-07-18,09:00,18:00,60,420,30,390,AVAILABLE,,3.0,WF_V3_ALL_REGIONS_20260718
AV000370,W00370,2026-07-18,09:00,18:00,60,420,60,360,AVAILABLE,,3.0,WF_V3_ALL_REGIONS_20260718
AV000371,W00371,2026-07-18,09:00,18:00,60,420,90,330,AVAILABLE,,3.0,WF_V3_ALL_REGIONS_20260718
AV000372,W00372,2026-07-18,09:00,18:00,60,420,0,420,AVAILABLE,,3.0,WF_V3_ALL_REGIONS_20260718
AV000373,W00373,2026-07-18,09:00,18:00,60,420,0,0,OFF_DUTY,비번,3.0,WF_V3_ALL_REGIONS_20260718
AV000374,W00374,2026-07-18,09:00,18:00,60,420,0,420,AVAILABLE,,3.0,WF_V3_ALL_REGIONS_20260718
AV000375,W00375,2026-07-18,09:00,18:00,60,420,30,390,AVAILABLE,,3.0,WF_V3_ALL_REGIONS_20260718
AV000376,W00376,2026-07-18,09:00,18:00,60,420,60,360,AVAILABLE,,3.0,WF_V3_ALL_REGIONS_20260718
AV000377,W00377,2026-07-18,09:00,18:00,60,420,90,330,AVAILABLE,,3.0,WF_V3_ALL_REGIONS_20260718
AV000378,W00378,2026-07-18,09:00,18:00,60,420,0,420,AVAILABLE,,3.0,WF_V3_ALL_REGIONS_20260718
AV000379,W00379,2026-07-18,09:00,18:00,60,420,0,0,OFF_DUTY,비번,3.0,WF_V3_ALL_REGIONS_20260718
AV000380,W00380,2026-07-18,09:00,18:00,60,420,0,420,AVAILABLE,,3.0,WF_V3_ALL_REGIONS_20260718
AV000381,W00381,2026-07-18,09:00,18:00,60,420,30,390,AVAILABLE,,3.0,WF_V3_ALL_REGIONS_20260718
AV000382,W00382,2026-07-18,09:00,18:00,60,420,60,360,AVAILABLE,,3.0,WF_V3_ALL_REGIONS_20260718
AV000383,W00383,2026-07-18,09:00,18:00,60,420,90,330,AVAILABLE,,3.0,WF_V3_ALL_REGIONS_20260718
AV000384,W00384,2026-07-18,09:00,18:00,60,420,0,420,AVAILABLE,,3.0,WF_V3_ALL_REGIONS_20260718
AV000385,W00385,2026-07-18,09:00,18:00,60,420,0,0,OFF_DUTY,비번,3.0,WF_V3_ALL_REGIONS_20260718
AV000386,W00386,2026-07-18,09:00,18:00,60,420,0,420,AVAILABLE,,3.0,WF_V3_ALL_REGIONS_20260718
AV000387,W00387,2026-07-18,09:00,18:00,60,420,30,390,AVAILABLE,,3.0,WF_V3_ALL_REGIONS_20260718
AV000388,W00388,2026-07-18,09:00,18:00,60,420,60,360,AVAILABLE,,3.0,WF_V3_ALL_REGIONS_20260718
AV000389,W00389,2026-07-18,09:00,18:00,60,420,90,330,AVAILABLE,,3.0,WF_V3_ALL_REGIONS_20260718
AV000390,W00390,2026-07-18,09:00,18:00,60,420,0,420,AVAILABLE,,3.0,WF_V3_ALL_REGIONS_20260718
AV000391,W00391,2026-07-18,09:00,18:00,60,420,0,0,OFF_DUTY,비번,3.0,WF_V3_ALL_REGIONS_20260718
AV000392,W00392,2026-07-18,09:00,18:00,60,420,0,420,AVAILABLE,,3.0,WF_V3_ALL_REGIONS_20260718
AV000393,W00393,2026-07-18,09:00,18:00,60,420,30,390,AVAILABLE,,3.0,WF_V3_ALL_REGIONS_20260718
AV000394,W00394,2026-07-18,09:00,18:00,60,420,60,360,AVAILABLE,,3.0,WF_V3_ALL_REGIONS_20260718
AV000395,W00395,2026-07-18,09:00,18:00,60,420,90,330,AVAILABLE,,3.0,WF_V3_ALL_REGIONS_20260718
AV000396,W00396,2026-07-18,09:00,18:00,60,420,0,420,AVAILABLE,,3.0,WF_V3_ALL_REGIONS_20260718
AV000397,W00397,2026-07-18,09:00,18:00,60,420,0,0,OFF_DUTY,비번,3.0,WF_V3_ALL_REGIONS_20260718
AV000398,W00398,2026-07-18,09:00,18:00,60,420,0,420,AVAILABLE,,3.0,WF_V3_ALL_REGIONS_20260718
AV000399,W00399,2026-07-18,09:00,18:00,60,420,30,390,AVAILABLE,,3.0,WF_V3_ALL_REGIONS_20260718
AV000400,W00400,2026-07-18,09:00,18:00,60,420,60,360,AVAILABLE,,3.0,WF_V3_ALL_REGIONS_20260718
AV000401,W00401,2026-07-18,09:00,18:00,60,420,90,330,AVAILABLE,,3.0,WF_V3_ALL_REGIONS_20260718
AV000402,W00402,2026-07-18,09:00,18:00,60,420,0,420,AVAILABLE,,3.0,WF_V3_ALL_REGIONS_20260718
AV000403,W00403,2026-07-18,09:00,18:00,60,420,0,0,OFF_DUTY,비번,3.0,WF_V3_ALL_REGIONS_20260718
AV000404,W00404,2026-07-18,09:00,18:00,60,420,0,420,AVAILABLE,,3.0,WF_V3_ALL_REGIONS_20260718
AV000405,W00405,2026-07-18,09:00,18:00,60,420,30,390,AVAILABLE,,3.0,WF_V3_ALL_REGIONS_20260718
AV000406,W00406,2026-07-18,09:00,18:00,60,420,60,360,AVAILABLE,,3.0,WF_V3_ALL_REGIONS_20260718
AV000407,W00407,2026-07-18,09:00,18:00,60,420,90,330,AVAILABLE,,3.0,WF_V3_ALL_REGIONS_20260718
AV000408,W00408,2026-07-18,09:00,18:00,60,420,0,420,AVAILABLE,,3.0,WF_V3_ALL_REGIONS_20260718
AV000409,W00409,2026-07-18,09:00,18:00,60,420,0,0,OFF_DUTY,비번,3.0,WF_V3_ALL_REGIONS_20260718
AV000410,W00410,2026-07-18,09:00,18:00,60,420,0,420,AVAILABLE,,3.0,WF_V3_ALL_REGIONS_20260718
AV000411,W00411,2026-07-18,09:00,18:00,60,420,30,390,AVAILABLE,,3.0,WF_V3_ALL_REGIONS_20260718
AV000412,W00412,2026-07-18,09:00,18:00,60,420,60,360,AVAILABLE,,3.0,WF_V3_ALL_REGIONS_20260718
AV000413,W00413,2026-07-18,09:00,18:00,60,420,90,330,AVAILABLE,,3.0,WF_V3_ALL_REGIONS_20260718
AV000414,W00414,2026-07-18,09:00,18:00,60,420,0,420,AVAILABLE,,3.0,WF_V3_ALL_REGIONS_20260718
AV000415,W00415,2026-07-18,09:00,18:00,60,420,0,0,OFF_DUTY,비번,3.0,WF_V3_ALL_REGIONS_20260718
AV000416,W00416,2026-07-18,09:00,18:00,60,420,0,420,AVAILABLE,,3.0,WF_V3_ALL_REGIONS_20260718
AV000417,W00417,2026-07-18,09:00,18:00,60,420,30,390,AVAILABLE,,3.0,WF_V3_ALL_REGIONS_20260718
AV000418,W00418,2026-07-18,09:00,18:00,60,420,60,360,AVAILABLE,,3.0,WF_V3_ALL_REGIONS_20260718
AV000419,W00419,2026-07-18,09:00,18:00,60,420,90,330,AVAILABLE,,3.0,WF_V3_ALL_REGIONS_20260718
AV000420,W00420,2026-07-18,09:00,18:00,60,420,0,420,AVAILABLE,,3.0,WF_V3_ALL_REGIONS_20260718
AV000421,W00421,2026-07-18,09:00,18:00,60,420,0,0,OFF_DUTY,비번,3.0,WF_V3_ALL_REGIONS_20260718
AV000422,W00422,2026-07-18,09:00,18:00,60,420,0,420,AVAILABLE,,3.0,WF_V3_ALL_REGIONS_20260718
AV000423,W00423,2026-07-18,09:00,18:00,60,420,30,390,AVAILABLE,,3.0,WF_V3_ALL_REGIONS_20260718
AV000424,W00424,2026-07-18,09:00,18:00,60,420,60,360,AVAILABLE,,3.0,WF_V3_ALL_REGIONS_20260718
AV000425,W00425,2026-07-18,09:00,18:00,60,420,90,330,AVAILABLE,,3.0,WF_V3_ALL_REGIONS_20260718
AV000426,W00426,2026-07-18,09:00,18:00,60,420,0,420,AVAILABLE,,3.0,WF_V3_ALL_REGIONS_20260718
AV000427,W00427,2026-07-18,09:00,18:00,60,420,0,0,OFF_DUTY,비번,3.0,WF_V3_ALL_REGIONS_20260718
AV000428,W00428,2026-07-18,09:00,18:00,60,420,0,420,AVAILABLE,,3.0,WF_V3_ALL_REGIONS_20260718
AV000429,W00429,2026-07-18,09:00,18:00,60,420,30,390,AVAILABLE,,3.0,WF_V3_ALL_REGIONS_20260718
AV000430,W00430,2026-07-18,09:00,18:00,60,420,60,360,AVAILABLE,,3.0,WF_V3_ALL_REGIONS_20260718
AV000431,W00431,2026-07-18,09:00,18:00,60,420,90,330,AVAILABLE,,3.0,WF_V3_ALL_REGIONS_20260718
AV000432,W00432,2026-07-18,09:00,18:00,60,420,0,420,AVAILABLE,,3.0,WF_V3_ALL_REGIONS_20260718
AV000433,W00433,2026-07-18,09:00,18:00,60,420,0,0,OFF_DUTY,비번,3.0,WF_V3_ALL_REGIONS_20260718
AV000434,W00434,2026-07-18,09:00,18:00,60,420,0,420,AVAILABLE,,3.0,WF_V3_ALL_REGIONS_20260718
AV000435,W00435,2026-07-18,09:00,18:00,60,420,30,390,AVAILABLE,,3.0,WF_V3_ALL_REGIONS_20260718
AV000436,W00436,2026-07-18,09:00,18:00,60,420,60,360,AVAILABLE,,3.0,WF_V3_ALL_REGIONS_20260718
AV000437,W00437,2026-07-18,09:00,18:00,60,420,90,330,AVAILABLE,,3.0,WF_V3_ALL_REGIONS_20260718
AV000438,W00438,2026-07-18,09:00,18:00,60,420,0,420,AVAILABLE,,3.0,WF_V3_ALL_REGIONS_20260718
AV000439,W00439,2026-07-18,09:00,18:00,60,420,0,0,OFF_DUTY,비번,3.0,WF_V3_ALL_REGIONS_20260718
AV000440,W00440,2026-07-18,09:00,18:00,60,420,0,420,AVAILABLE,,3.0,WF_V3_ALL_REGIONS_20260718
AV000441,W00441,2026-07-18,09:00,18:00,60,420,30,390,AVAILABLE,,3.0,WF_V3_ALL_REGIONS_20260718
AV000442,W00442,2026-07-18,09:00,18:00,60,420,60,360,AVAILABLE,,3.0,WF_V3_ALL_REGIONS_20260718
AV000443,W00443,2026-07-18,09:00,18:00,60,420,90,330,AVAILABLE,,3.0,WF_V3_ALL_REGIONS_20260718
AV000444,W00444,2026-07-18,09:00,18:00,60,420,0,420,AVAILABLE,,3.0,WF_V3_ALL_REGIONS_20260718
AV000445,W00445,2026-07-18,09:00,18:00,60,420,0,0,OFF_DUTY,비번,3.0,WF_V3_ALL_REGIONS_20260718
AV000446,W00446,2026-07-18,09:00,18:00,60,420,0,420,AVAILABLE,,3.0,WF_V3_ALL_REGIONS_20260718
AV000447,W00447,2026-07-18,09:00,18:00,60,420,30,390,AVAILABLE,,3.0,WF_V3_ALL_REGIONS_20260718
AV000448,W00448,2026-07-18,09:00,18:00,60,420,60,360,AVAILABLE,,3.0,WF_V3_ALL_REGIONS_20260718
AV000449,W00449,2026-07-18,09:00,18:00,60,420,90,330,AVAILABLE,,3.0,WF_V3_ALL_REGIONS_20260718
AV000450,W00450,2026-07-18,09:00,18:00,60,420,0,420,AVAILABLE,,3.0,WF_V3_ALL_REGIONS_20260718
AV000451,W00451,2026-07-18,09:00,18:00,60,420,0,0,OFF_DUTY,비번,3.0,WF_V3_ALL_REGIONS_20260718
AV000452,W00452,2026-07-18,09:00,18:00,60,420,0,420,AVAILABLE,,3.0,WF_V3_ALL_REGIONS_20260718
AV000453,W00453,2026-07-18,09:00,18:00,60,420,30,390,AVAILABLE,,3.0,WF_V3_ALL_REGIONS_20260718
AV000454,W00454,2026-07-18,09:00,18:00,60,420,60,360,AVAILABLE,,3.0,WF_V3_ALL_REGIONS_20260718
AV000455,W00455,2026-07-18,09:00,18:00,60,420,90,330,AVAILABLE,,3.0,WF_V3_ALL_REGIONS_20260718
AV000456,W00456,2026-07-18,09:00,18:00,60,420,0,420,AVAILABLE,,3.0,WF_V3_ALL_REGIONS_20260718
AV000457,W00457,2026-07-18,09:00,18:00,60,420,0,0,OFF_DUTY,비번,3.0,WF_V3_ALL_REGIONS_20260718
AV000458,W00458,2026-07-18,09:00,18:00,60,420,0,420,AVAILABLE,,3.0,WF_V3_ALL_REGIONS_20260718
AV000459,W00459,2026-07-18,09:00,18:00,60,420,30,390,AVAILABLE,,3.0,WF_V3_ALL_REGIONS_20260718
AV000460,W00460,2026-07-18,09:00,18:00,60,420,60,360,AVAILABLE,,3.0,WF_V3_ALL_REGIONS_20260718
AV000461,W00461,2026-07-18,09:00,18:00,60,420,90,330,AVAILABLE,,3.0,WF_V3_ALL_REGIONS_20260718
AV000462,W00462,2026-07-18,09:00,18:00,60,420,0,420,AVAILABLE,,3.0,WF_V3_ALL_REGIONS_20260718
AV000463,W00463,2026-07-18,09:00,18:00,60,420,0,0,OFF_DUTY,비번,3.0,WF_V3_ALL_REGIONS_20260718
AV000464,W00464,2026-07-18,09:00,18:00,60,420,0,420,AVAILABLE,,3.0,WF_V3_ALL_REGIONS_20260718
AV000465,W00465,2026-07-18,09:00,18:00,60,420,30,390,AVAILABLE,,3.0,WF_V3_ALL_REGIONS_20260718
AV000466,W00466,2026-07-18,09:00,18:00,60,420,60,360,AVAILABLE,,3.0,WF_V3_ALL_REGIONS_20260718
AV000467,W00467,2026-07-18,09:00,18:00,60,420,90,330,AVAILABLE,,3.0,WF_V3_ALL_REGIONS_20260718
AV000468,W00468,2026-07-18,09:00,18:00,60,420,0,420,AVAILABLE,,3.0,WF_V3_ALL_REGIONS_20260718
AV000469,W00469,2026-07-18,09:00,18:00,60,420,0,0,OFF_DUTY,비번,3.0,WF_V3_ALL_REGIONS_20260718
AV000470,W00470,2026-07-18,09:00,18:00,60,420,0,420,AVAILABLE,,3.0,WF_V3_ALL_REGIONS_20260718
AV000471,W00471,2026-07-18,09:00,18:00,60,420,30,390,AVAILABLE,,3.0,WF_V3_ALL_REGIONS_20260718
AV000472,W00472,2026-07-18,09:00,18:00,60,420,60,360,AVAILABLE,,3.0,WF_V3_ALL_REGIONS_20260718
AV000473,W00473,2026-07-18,09:00,18:00,60,420,90,330,AVAILABLE,,3.0,WF_V3_ALL_REGIONS_20260718
AV000474,W00474,2026-07-18,09:00,18:00,60,420,0,420,AVAILABLE,,3.0,WF_V3_ALL_REGIONS_20260718
AV000475,W00475,2026-07-18,09:00,18:00,60,420,0,0,OFF_DUTY,비번,3.0,WF_V3_ALL_REGIONS_20260718
AV000476,W00476,2026-07-18,09:00,18:00,60,420,0,420,AVAILABLE,,3.0,WF_V3_ALL_REGIONS_20260718
AV000477,W00477,2026-07-18,09:00,18:00,60,420,30,390,AVAILABLE,,3.0,WF_V3_ALL_REGIONS_20260718
AV000478,W00478,2026-07-18,09:00,18:00,60,420,60,360,AVAILABLE,,3.0,WF_V3_ALL_REGIONS_20260718
AV000479,W00479,2026-07-18,09:00,18:00,60,420,90,330,AVAILABLE,,3.0,WF_V3_ALL_REGIONS_20260718
AV000480,W00480,2026-07-18,09:00,18:00,60,420,0,420,AVAILABLE,,3.0,WF_V3_ALL_REGIONS_20260718
AV000481,W00481,2026-07-18,09:00,18:00,60,420,0,0,OFF_DUTY,비번,3.0,WF_V3_ALL_REGIONS_20260718
AV000482,W00482,2026-07-18,09:00,18:00,60,420,0,420,AVAILABLE,,3.0,WF_V3_ALL_REGIONS_20260718
AV000483,W00483,2026-07-18,09:00,18:00,60,420,30,390,AVAILABLE,,3.0,WF_V3_ALL_REGIONS_20260718
AV000484,W00484,2026-07-18,09:00,18:00,60,420,60,360,AVAILABLE,,3.0,WF_V3_ALL_REGIONS_20260718
AV000485,W00485,2026-07-18,09:00,18:00,60,420,90,330,AVAILABLE,,3.0,WF_V3_ALL_REGIONS_20260718
AV000486,W00486,2026-07-18,09:00,18:00,60,420,0,420,AVAILABLE,,3.0,WF_V3_ALL_REGIONS_20260718
AV000487,W00487,2026-07-18,09:00,18:00,60,420,0,0,OFF_DUTY,비번,3.0,WF_V3_ALL_REGIONS_20260718
AV000488,W00488,2026-07-18,09:00,18:00,60,420,0,420,AVAILABLE,,3.0,WF_V3_ALL_REGIONS_20260718
AV000489,W00489,2026-07-18,09:00,18:00,60,420,30,390,AVAILABLE,,3.0,WF_V3_ALL_REGIONS_20260718
AV000490,W00490,2026-07-18,09:00,18:00,60,420,60,360,AVAILABLE,,3.0,WF_V3_ALL_REGIONS_20260718
AV000491,W00491,2026-07-18,09:00,18:00,60,420,90,330,AVAILABLE,,3.0,WF_V3_ALL_REGIONS_20260718
AV000492,W00492,2026-07-18,09:00,18:00,60,420,0,420,AVAILABLE,,3.0,WF_V3_ALL_REGIONS_20260718
AV000493,W00493,2026-07-18,09:00,18:00,60,420,0,0,OFF_DUTY,비번,3.0,WF_V3_ALL_REGIONS_20260718
AV000494,W00494,2026-07-18,09:00,18:00,60,420,0,420,AVAILABLE,,3.0,WF_V3_ALL_REGIONS_20260718
AV000495,W00495,2026-07-18,09:00,18:00,60,420,30,390,AVAILABLE,,3.0,WF_V3_ALL_REGIONS_20260718
AV000496,W00496,2026-07-18,09:00,18:00,60,420,60,360,AVAILABLE,,3.0,WF_V3_ALL_REGIONS_20260718
AV000497,W00497,2026-07-18,09:00,18:00,60,420,90,330,AVAILABLE,,3.0,WF_V3_ALL_REGIONS_20260718
AV000498,W00498,2026-07-18,09:00,18:00,60,420,0,420,AVAILABLE,,3.0,WF_V3_ALL_REGIONS_20260718
AV000499,W00499,2026-07-18,09:00,18:00,60,420,0,0,OFF_DUTY,비번,3.0,WF_V3_ALL_REGIONS_20260718
AV000500,W00500,2026-07-18,09:00,18:00,60,420,0,420,AVAILABLE,,3.0,WF_V3_ALL_REGIONS_20260718
AV000501,W00501,2026-07-18,09:00,18:00,60,420,30,390,AVAILABLE,,3.0,WF_V3_ALL_REGIONS_20260718
AV000502,W00502,2026-07-18,09:00,18:00,60,420,60,360,AVAILABLE,,3.0,WF_V3_ALL_REGIONS_20260718
AV000503,W00503,2026-07-18,09:00,18:00,60,420,90,330,AVAILABLE,,3.0,WF_V3_ALL_REGIONS_20260718
AV000504,W00504,2026-07-18,09:00,18:00,60,420,0,420,AVAILABLE,,3.0,WF_V3_ALL_REGIONS_20260718
AV000505,W00505,2026-07-18,09:00,18:00,60,420,30,390,AVAILABLE,,3.0,WF_V3_ALL_REGIONS_20260718
AV000506,W00506,2026-07-18,09:00,18:00,60,420,0,0,OFF_DUTY,비번,3.0,WF_V3_ALL_REGIONS_20260718
AV000507,W00507,2026-07-18,09:00,18:00,60,420,0,420,AVAILABLE,,3.0,WF_V3_ALL_REGIONS_20260718
AV000508,W00508,2026-07-18,09:00,18:00,60,420,30,390,AVAILABLE,,3.0,WF_V3_ALL_REGIONS_20260718
AV000509,W00509,2026-07-18,09:00,18:00,60,420,60,360,AVAILABLE,,3.0,WF_V3_ALL_REGIONS_20260718
AV000510,W00510,2026-07-18,09:00,18:00,60,420,90,330,AVAILABLE,,3.0,WF_V3_ALL_REGIONS_20260718
AV000511,W00511,2026-07-18,09:00,18:00,60,420,0,420,AVAILABLE,,3.0,WF_V3_ALL_REGIONS_20260718
AV000512,W00512,2026-07-18,09:00,18:00,60,420,0,0,OFF_DUTY,비번,3.0,WF_V3_ALL_REGIONS_20260718
AV000513,W00513,2026-07-18,09:00,18:00,60,420,0,420,AVAILABLE,,3.0,WF_V3_ALL_REGIONS_20260718
AV000514,W00514,2026-07-18,09:00,18:00,60,420,30,390,AVAILABLE,,3.0,WF_V3_ALL_REGIONS_20260718
AV000515,W00515,2026-07-18,09:00,18:00,60,420,60,360,AVAILABLE,,3.0,WF_V3_ALL_REGIONS_20260718
AV000516,W00516,2026-07-18,09:00,18:00,60,420,90,330,AVAILABLE,,3.0,WF_V3_ALL_REGIONS_20260718
AV000517,W00517,2026-07-18,09:00,18:00,60,420,0,420,AVAILABLE,,3.0,WF_V3_ALL_REGIONS_20260718
AV000518,W00518,2026-07-18,09:00,18:00,60,420,0,0,OFF_DUTY,비번,3.0,WF_V3_ALL_REGIONS_20260718
AV000519,W00519,2026-07-18,09:00,18:00,60,420,0,420,AVAILABLE,,3.0,WF_V3_ALL_REGIONS_20260718
AV000520,W00520,2026-07-18,09:00,18:00,60,420,30,390,AVAILABLE,,3.0,WF_V3_ALL_REGIONS_20260718
AV000521,W00521,2026-07-18,09:00,18:00,60,420,60,360,AVAILABLE,,3.0,WF_V3_ALL_REGIONS_20260718
AV000522,W00522,2026-07-18,09:00,18:00,60,420,90,330,AVAILABLE,,3.0,WF_V3_ALL_REGIONS_20260718
AV000523,W00523,2026-07-18,09:00,18:00,60,420,0,420,AVAILABLE,,3.0,WF_V3_ALL_REGIONS_20260718
AV000524,W00524,2026-07-18,09:00,18:00,60,420,0,0,OFF_DUTY,비번,3.0,WF_V3_ALL_REGIONS_20260718
AV000525,W00525,2026-07-18,09:00,18:00,60,420,0,420,AVAILABLE,,3.0,WF_V3_ALL_REGIONS_20260718
AV000526,W00526,2026-07-18,09:00,18:00,60,420,30,390,AVAILABLE,,3.0,WF_V3_ALL_REGIONS_20260718
AV000527,W00527,2026-07-18,09:00,18:00,60,420,60,360,AVAILABLE,,3.0,WF_V3_ALL_REGIONS_20260718
AV000528,W00528,2026-07-18,09:00,18:00,60,420,90,330,AVAILABLE,,3.0,WF_V3_ALL_REGIONS_20260718
AV000529,W00529,2026-07-18,09:00,18:00,60,420,0,420,AVAILABLE,,3.0,WF_V3_ALL_REGIONS_20260718
AV000530,W00530,2026-07-18,09:00,18:00,60,420,0,0,OFF_DUTY,비번,3.0,WF_V3_ALL_REGIONS_20260718
AV000531,W00531,2026-07-18,09:00,18:00,60,420,0,420,AVAILABLE,,3.0,WF_V3_ALL_REGIONS_20260718
AV000532,W00532,2026-07-18,09:00,18:00,60,420,30,390,AVAILABLE,,3.0,WF_V3_ALL_REGIONS_20260718
AV000533,W00533,2026-07-18,09:00,18:00,60,420,60,360,AVAILABLE,,3.0,WF_V3_ALL_REGIONS_20260718
AV000534,W00534,2026-07-18,09:00,18:00,60,420,90,330,AVAILABLE,,3.0,WF_V3_ALL_REGIONS_20260718
AV000535,W00535,2026-07-18,09:00,18:00,60,420,0,420,AVAILABLE,,3.0,WF_V3_ALL_REGIONS_20260718
AV000536,W00536,2026-07-18,09:00,18:00,60,420,0,0,OFF_DUTY,비번,3.0,WF_V3_ALL_REGIONS_20260718
AV000537,W00537,2026-07-18,09:00,18:00,60,420,0,420,AVAILABLE,,3.0,WF_V3_ALL_REGIONS_20260718
AV000538,W00538,2026-07-18,09:00,18:00,60,420,30,390,AVAILABLE,,3.0,WF_V3_ALL_REGIONS_20260718
AV000539,W00539,2026-07-18,09:00,18:00,60,420,60,360,AVAILABLE,,3.0,WF_V3_ALL_REGIONS_20260718
AV000540,W00540,2026-07-18,09:00,18:00,60,420,90,330,AVAILABLE,,3.0,WF_V3_ALL_REGIONS_20260718
AV000541,W00541,2026-07-18,09:00,18:00,60,420,0,420,AVAILABLE,,3.0,WF_V3_ALL_REGIONS_20260718
AV000542,W00542,2026-07-18,09:00,18:00,60,420,0,0,OFF_DUTY,비번,3.0,WF_V3_ALL_REGIONS_20260718
AV000543,W00543,2026-07-18,09:00,18:00,60,420,0,420,AVAILABLE,,3.0,WF_V3_ALL_REGIONS_20260718
AV000544,W00544,2026-07-18,09:00,18:00,60,420,30,390,AVAILABLE,,3.0,WF_V3_ALL_REGIONS_20260718
AV000545,W00545,2026-07-18,09:00,18:00,60,420,60,360,AVAILABLE,,3.0,WF_V3_ALL_REGIONS_20260718
AV000546,W00546,2026-07-18,09:00,18:00,60,420,90,330,AVAILABLE,,3.0,WF_V3_ALL_REGIONS_20260718
AV000547,W00547,2026-07-18,09:00,18:00,60,420,0,420,AVAILABLE,,3.0,WF_V3_ALL_REGIONS_20260718
AV000548,W00548,2026-07-18,09:00,18:00,60,420,0,0,OFF_DUTY,비번,3.0,WF_V3_ALL_REGIONS_20260718
AV000549,W00549,2026-07-18,09:00,18:00,60,420,0,420,AVAILABLE,,3.0,WF_V3_ALL_REGIONS_20260718
AV000550,W00550,2026-07-18,09:00,18:00,60,420,30,390,AVAILABLE,,3.0,WF_V3_ALL_REGIONS_20260718
AV000551,W00551,2026-07-18,09:00,18:00,60,420,60,360,AVAILABLE,,3.0,WF_V3_ALL_REGIONS_20260718
AV000552,W00552,2026-07-18,09:00,18:00,60,420,90,330,AVAILABLE,,3.0,WF_V3_ALL_REGIONS_20260718
AV000553,W00553,2026-07-18,09:00,18:00,60,420,0,420,AVAILABLE,,3.0,WF_V3_ALL_REGIONS_20260718
AV000554,W00554,2026-07-18,09:00,18:00,60,420,0,0,OFF_DUTY,비번,3.0,WF_V3_ALL_REGIONS_20260718
AV000555,W00555,2026-07-18,09:00,18:00,60,420,0,420,AVAILABLE,,3.0,WF_V3_ALL_REGIONS_20260718
AV000556,W00556,2026-07-18,09:00,18:00,60,420,30,390,AVAILABLE,,3.0,WF_V3_ALL_REGIONS_20260718
AV000557,W00557,2026-07-18,09:00,18:00,60,420,60,360,AVAILABLE,,3.0,WF_V3_ALL_REGIONS_20260718
AV000558,W00558,2026-07-18,09:00,18:00,60,420,90,330,AVAILABLE,,3.0,WF_V3_ALL_REGIONS_20260718
AV000559,W00559,2026-07-18,09:00,18:00,60,420,0,420,AVAILABLE,,3.0,WF_V3_ALL_REGIONS_20260718
AV000560,W00560,2026-07-18,09:00,18:00,60,420,0,0,OFF_DUTY,비번,3.0,WF_V3_ALL_REGIONS_20260718
AV000561,W00561,2026-07-18,09:00,18:00,60,420,0,420,AVAILABLE,,3.0,WF_V3_ALL_REGIONS_20260718
AV000562,W00562,2026-07-18,09:00,18:00,60,420,30,390,AVAILABLE,,3.0,WF_V3_ALL_REGIONS_20260718
AV000563,W00563,2026-07-18,09:00,18:00,60,420,60,360,AVAILABLE,,3.0,WF_V3_ALL_REGIONS_20260718
AV000564,W00564,2026-07-18,09:00,18:00,60,420,90,330,AVAILABLE,,3.0,WF_V3_ALL_REGIONS_20260718
AV000565,W00565,2026-07-18,09:00,18:00,60,420,0,420,AVAILABLE,,3.0,WF_V3_ALL_REGIONS_20260718
AV000566,W00566,2026-07-18,09:00,18:00,60,420,0,0,OFF_DUTY,비번,3.0,WF_V3_ALL_REGIONS_20260718
AV000567,W00567,2026-07-18,09:00,18:00,60,420,0,420,AVAILABLE,,3.0,WF_V3_ALL_REGIONS_20260718
AV000568,W00568,2026-07-18,09:00,18:00,60,420,30,390,AVAILABLE,,3.0,WF_V3_ALL_REGIONS_20260718
AV000569,W00569,2026-07-18,09:00,18:00,60,420,60,360,AVAILABLE,,3.0,WF_V3_ALL_REGIONS_20260718
AV000570,W00570,2026-07-18,09:00,18:00,60,420,90,330,AVAILABLE,,3.0,WF_V3_ALL_REGIONS_20260718
AV000571,W00571,2026-07-18,09:00,18:00,60,420,0,420,AVAILABLE,,3.0,WF_V3_ALL_REGIONS_20260718
AV000572,W00572,2026-07-18,09:00,18:00,60,420,0,0,OFF_DUTY,비번,3.0,WF_V3_ALL_REGIONS_20260718
AV000573,W00573,2026-07-18,09:00,18:00,60,420,0,420,AVAILABLE,,3.0,WF_V3_ALL_REGIONS_20260718
AV000574,W00574,2026-07-18,09:00,18:00,60,420,30,390,AVAILABLE,,3.0,WF_V3_ALL_REGIONS_20260718
AV000575,W00575,2026-07-18,09:00,18:00,60,420,60,360,AVAILABLE,,3.0,WF_V3_ALL_REGIONS_20260718
AV000576,W00576,2026-07-18,09:00,18:00,60,420,90,330,AVAILABLE,,3.0,WF_V3_ALL_REGIONS_20260718
AV000577,W00577,2026-07-18,09:00,18:00,60,420,0,420,AVAILABLE,,3.0,WF_V3_ALL_REGIONS_20260718
AV000578,W00578,2026-07-18,09:00,18:00,60,420,0,0,OFF_DUTY,비번,3.0,WF_V3_ALL_REGIONS_20260718
AV000579,W00579,2026-07-18,09:00,18:00,60,420,0,420,AVAILABLE,,3.0,WF_V3_ALL_REGIONS_20260718
AV000580,W00580,2026-07-18,09:00,18:00,60,420,30,390,AVAILABLE,,3.0,WF_V3_ALL_REGIONS_20260718
AV000581,W00581,2026-07-18,09:00,18:00,60,420,60,360,AVAILABLE,,3.0,WF_V3_ALL_REGIONS_20260718
AV000582,W00582,2026-07-18,09:00,18:00,60,420,90,330,AVAILABLE,,3.0,WF_V3_ALL_REGIONS_20260718
AV000583,W00583,2026-07-18,09:00,18:00,60,420,0,420,AVAILABLE,,3.0,WF_V3_ALL_REGIONS_20260718
AV000584,W00584,2026-07-18,09:00,18:00,60,420,0,0,OFF_DUTY,비번,3.0,WF_V3_ALL_REGIONS_20260718
AV000585,W00585,2026-07-18,09:00,18:00,60,420,0,420,AVAILABLE,,3.0,WF_V3_ALL_REGIONS_20260718
AV000586,W00586,2026-07-18,09:00,18:00,60,420,30,390,AVAILABLE,,3.0,WF_V3_ALL_REGIONS_20260718
AV000587,W00587,2026-07-18,09:00,18:00,60,420,60,360,AVAILABLE,,3.0,WF_V3_ALL_REGIONS_20260718
AV000588,W00588,2026-07-18,09:00,18:00,60,420,90,330,AVAILABLE,,3.0,WF_V3_ALL_REGIONS_20260718
AV000589,W00589,2026-07-18,09:00,18:00,60,420,0,420,AVAILABLE,,3.0,WF_V3_ALL_REGIONS_20260718
AV000590,W00590,2026-07-18,09:00,18:00,60,420,0,0,OFF_DUTY,비번,3.0,WF_V3_ALL_REGIONS_20260718
AV000591,W00591,2026-07-18,09:00,18:00,60,420,0,420,AVAILABLE,,3.0,WF_V3_ALL_REGIONS_20260718
AV000592,W00592,2026-07-18,09:00,18:00,60,420,30,390,AVAILABLE,,3.0,WF_V3_ALL_REGIONS_20260718
AV000593,W00593,2026-07-18,09:00,18:00,60,420,60,360,AVAILABLE,,3.0,WF_V3_ALL_REGIONS_20260718
AV000594,W00594,2026-07-18,09:00,18:00,60,420,90,330,AVAILABLE,,3.0,WF_V3_ALL_REGIONS_20260718
AV000595,W00595,2026-07-18,09:00,18:00,60,420,0,420,AVAILABLE,,3.0,WF_V3_ALL_REGIONS_20260718
AV000596,W00596,2026-07-18,09:00,18:00,60,420,0,0,OFF_DUTY,비번,3.0,WF_V3_ALL_REGIONS_20260718
AV000597,W00597,2026-07-18,09:00,18:00,60,420,0,420,AVAILABLE,,3.0,WF_V3_ALL_REGIONS_20260718
AV000598,W00598,2026-07-18,09:00,18:00,60,420,30,390,AVAILABLE,,3.0,WF_V3_ALL_REGIONS_20260718
AV000599,W00599,2026-07-18,09:00,18:00,60,420,60,360,AVAILABLE,,3.0,WF_V3_ALL_REGIONS_20260718
AV000600,W00600,2026-07-18,09:00,18:00,60,420,90,330,AVAILABLE,,3.0,WF_V3_ALL_REGIONS_20260718
AV000601,W00601,2026-07-18,09:00,18:00,60,420,0,420,AVAILABLE,,3.0,WF_V3_ALL_REGIONS_20260718
AV000602,W00602,2026-07-18,09:00,18:00,60,420,0,0,OFF_DUTY,비번,3.0,WF_V3_ALL_REGIONS_20260718
AV000603,W00603,2026-07-18,09:00,18:00,60,420,0,420,AVAILABLE,,3.0,WF_V3_ALL_REGIONS_20260718
AV000604,W00604,2026-07-18,09:00,18:00,60,420,30,390,AVAILABLE,,3.0,WF_V3_ALL_REGIONS_20260718
AV000605,W00605,2026-07-18,09:00,18:00,60,420,60,360,AVAILABLE,,3.0,WF_V3_ALL_REGIONS_20260718
AV000606,W00606,2026-07-18,09:00,18:00,60,420,90,330,AVAILABLE,,3.0,WF_V3_ALL_REGIONS_20260718
AV000607,W00607,2026-07-18,09:00,18:00,60,420,0,420,AVAILABLE,,3.0,WF_V3_ALL_REGIONS_20260718
AV000608,W00608,2026-07-18,09:00,18:00,60,420,0,0,OFF_DUTY,비번,3.0,WF_V3_ALL_REGIONS_20260718
AV000609,W00609,2026-07-18,09:00,18:00,60,420,0,420,AVAILABLE,,3.0,WF_V3_ALL_REGIONS_20260718
AV000610,W00610,2026-07-18,09:00,18:00,60,420,30,390,AVAILABLE,,3.0,WF_V3_ALL_REGIONS_20260718
AV000611,W00611,2026-07-18,09:00,18:00,60,420,60,360,AVAILABLE,,3.0,WF_V3_ALL_REGIONS_20260718
AV000612,W00612,2026-07-18,09:00,18:00,60,420,90,330,AVAILABLE,,3.0,WF_V3_ALL_REGIONS_20260718
AV000613,W00613,2026-07-18,09:00,18:00,60,420,0,420,AVAILABLE,,3.0,WF_V3_ALL_REGIONS_20260718
AV000614,W00614,2026-07-18,09:00,18:00,60,420,0,0,OFF_DUTY,비번,3.0,WF_V3_ALL_REGIONS_20260718
AV000615,W00615,2026-07-18,09:00,18:00,60,420,0,420,AVAILABLE,,3.0,WF_V3_ALL_REGIONS_20260718
AV000616,W00616,2026-07-18,09:00,18:00,60,420,30,390,AVAILABLE,,3.0,WF_V3_ALL_REGIONS_20260718
AV000617,W00617,2026-07-18,09:00,18:00,60,420,60,360,AVAILABLE,,3.0,WF_V3_ALL_REGIONS_20260718
AV000618,W00618,2026-07-18,09:00,18:00,60,420,90,330,AVAILABLE,,3.0,WF_V3_ALL_REGIONS_20260718
AV000619,W00619,2026-07-18,09:00,18:00,60,420,0,420,AVAILABLE,,3.0,WF_V3_ALL_REGIONS_20260718
AV000620,W00620,2026-07-18,09:00,18:00,60,420,0,0,OFF_DUTY,비번,3.0,WF_V3_ALL_REGIONS_20260718
AV000621,W00621,2026-07-18,09:00,18:00,60,420,0,420,AVAILABLE,,3.0,WF_V3_ALL_REGIONS_20260718
AV000622,W00622,2026-07-18,09:00,18:00,60,420,30,390,AVAILABLE,,3.0,WF_V3_ALL_REGIONS_20260718
AV000623,W00623,2026-07-18,09:00,18:00,60,420,60,360,AVAILABLE,,3.0,WF_V3_ALL_REGIONS_20260718
AV000624,W00624,2026-07-18,09:00,18:00,60,420,90,330,AVAILABLE,,3.0,WF_V3_ALL_REGIONS_20260718
AV000625,W00625,2026-07-18,09:00,18:00,60,420,0,420,AVAILABLE,,3.0,WF_V3_ALL_REGIONS_20260718
AV000626,W00626,2026-07-18,09:00,18:00,60,420,0,0,OFF_DUTY,비번,3.0,WF_V3_ALL_REGIONS_20260718
AV000627,W00627,2026-07-18,09:00,18:00,60,420,0,420,AVAILABLE,,3.0,WF_V3_ALL_REGIONS_20260718
AV000628,W00628,2026-07-18,09:00,18:00,60,420,30,390,AVAILABLE,,3.0,WF_V3_ALL_REGIONS_20260718
AV000629,W00629,2026-07-18,09:00,18:00,60,420,60,360,AVAILABLE,,3.0,WF_V3_ALL_REGIONS_20260718
AV000630,W00630,2026-07-18,09:00,18:00,60,420,90,330,AVAILABLE,,3.0,WF_V3_ALL_REGIONS_20260718
AV000631,W00631,2026-07-18,09:00,18:00,60,420,0,420,AVAILABLE,,3.0,WF_V3_ALL_REGIONS_20260718
AV000632,W00632,2026-07-18,09:00,18:00,60,420,0,0,OFF_DUTY,비번,3.0,WF_V3_ALL_REGIONS_20260718
AV000633,W00633,2026-07-18,09:00,18:00,60,420,0,420,AVAILABLE,,3.0,WF_V3_ALL_REGIONS_20260718
AV000634,W00634,2026-07-18,09:00,18:00,60,420,30,390,AVAILABLE,,3.0,WF_V3_ALL_REGIONS_20260718
AV000635,W00635,2026-07-18,09:00,18:00,60,420,60,360,AVAILABLE,,3.0,WF_V3_ALL_REGIONS_20260718
AV000636,W00636,2026-07-18,09:00,18:00,60,420,90,330,AVAILABLE,,3.0,WF_V3_ALL_REGIONS_20260718
AV000637,W00637,2026-07-18,09:00,18:00,60,420,0,420,AVAILABLE,,3.0,WF_V3_ALL_REGIONS_20260718
AV000638,W00638,2026-07-18,09:00,18:00,60,420,0,0,OFF_DUTY,비번,3.0,WF_V3_ALL_REGIONS_20260718
AV000639,W00639,2026-07-18,09:00,18:00,60,420,0,420,AVAILABLE,,3.0,WF_V3_ALL_REGIONS_20260718
AV000640,W00640,2026-07-18,09:00,18:00,60,420,30,390,AVAILABLE,,3.0,WF_V3_ALL_REGIONS_20260718
AV000641,W00641,2026-07-18,09:00,18:00,60,420,60,360,AVAILABLE,,3.0,WF_V3_ALL_REGIONS_20260718
AV000642,W00642,2026-07-18,09:00,18:00,60,420,90,330,AVAILABLE,,3.0,WF_V3_ALL_REGIONS_20260718
AV000643,W00643,2026-07-18,09:00,18:00,60,420,0,420,AVAILABLE,,3.0,WF_V3_ALL_REGIONS_20260718
AV000644,W00644,2026-07-18,09:00,18:00,60,420,0,0,OFF_DUTY,비번,3.0,WF_V3_ALL_REGIONS_20260718
AV000645,W00645,2026-07-18,09:00,18:00,60,420,0,420,AVAILABLE,,3.0,WF_V3_ALL_REGIONS_20260718
AV000646,W00646,2026-07-18,09:00,18:00,60,420,30,390,AVAILABLE,,3.0,WF_V3_ALL_REGIONS_20260718
AV000647,W00647,2026-07-18,09:00,18:00,60,420,60,360,AVAILABLE,,3.0,WF_V3_ALL_REGIONS_20260718
AV000648,W00648,2026-07-18,09:00,18:00,60,420,90,330,AVAILABLE,,3.0,WF_V3_ALL_REGIONS_20260718
AV000649,W00649,2026-07-18,09:00,18:00,60,420,0,420,AVAILABLE,,3.0,WF_V3_ALL_REGIONS_20260718
AV000650,W00650,2026-07-18,09:00,18:00,60,420,0,0,OFF_DUTY,비번,3.0,WF_V3_ALL_REGIONS_20260718
AV000651,W00651,2026-07-18,09:00,18:00,60,420,0,420,AVAILABLE,,3.0,WF_V3_ALL_REGIONS_20260718
AV000652,W00652,2026-07-18,09:00,18:00,60,420,30,390,AVAILABLE,,3.0,WF_V3_ALL_REGIONS_20260718
AV000653,W00653,2026-07-18,09:00,18:00,60,420,60,360,AVAILABLE,,3.0,WF_V3_ALL_REGIONS_20260718
AV000654,W00654,2026-07-18,09:00,18:00,60,420,90,330,AVAILABLE,,3.0,WF_V3_ALL_REGIONS_20260718
AV000655,W00655,2026-07-18,09:00,18:00,60,420,0,420,AVAILABLE,,3.0,WF_V3_ALL_REGIONS_20260718
AV000656,W00656,2026-07-18,09:00,18:00,60,420,30,390,AVAILABLE,,3.0,WF_V3_ALL_REGIONS_20260718
AV000657,W00657,2026-07-18,09:00,18:00,60,420,60,360,AVAILABLE,,3.0,WF_V3_ALL_REGIONS_20260718
AV000658,W00658,2026-07-18,09:00,18:00,60,420,0,0,OFF_DUTY,비번,3.0,WF_V3_ALL_REGIONS_20260718
AV000659,W00659,2026-07-18,09:00,18:00,60,420,0,420,AVAILABLE,,3.0,WF_V3_ALL_REGIONS_20260718
AV000660,W00660,2026-07-18,09:00,18:00,60,420,30,390,AVAILABLE,,3.0,WF_V3_ALL_REGIONS_20260718
AV000661,W00661,2026-07-18,09:00,18:00,60,420,60,360,AVAILABLE,,3.0,WF_V3_ALL_REGIONS_20260718
AV000662,W00662,2026-07-18,09:00,18:00,60,420,90,330,AVAILABLE,,3.0,WF_V3_ALL_REGIONS_20260718
AV000663,W00663,2026-07-18,09:00,18:00,60,420,0,420,AVAILABLE,,3.0,WF_V3_ALL_REGIONS_20260718
AV000664,W00664,2026-07-18,09:00,18:00,60,420,0,0,OFF_DUTY,비번,3.0,WF_V3_ALL_REGIONS_20260718
AV000665,W00665,2026-07-18,09:00,18:00,60,420,0,420,AVAILABLE,,3.0,WF_V3_ALL_REGIONS_20260718
AV000666,W00666,2026-07-18,09:00,18:00,60,420,30,390,AVAILABLE,,3.0,WF_V3_ALL_REGIONS_20260718
AV000667,W00667,2026-07-18,09:00,18:00,60,420,60,360,AVAILABLE,,3.0,WF_V3_ALL_REGIONS_20260718
AV000668,W00668,2026-07-18,09:00,18:00,60,420,90,330,AVAILABLE,,3.0,WF_V3_ALL_REGIONS_20260718
AV000669,W00669,2026-07-18,09:00,18:00,60,420,0,420,AVAILABLE,,3.0,WF_V3_ALL_REGIONS_20260718
AV000670,W00670,2026-07-18,09:00,18:00,60,420,30,390,AVAILABLE,,3.0,WF_V3_ALL_REGIONS_20260718
AV000671,W00671,2026-07-18,09:00,18:00,60,420,60,360,AVAILABLE,,3.0,WF_V3_ALL_REGIONS_20260718
AV000672,W00672,2026-07-18,09:00,18:00,60,420,90,330,AVAILABLE,,3.0,WF_V3_ALL_REGIONS_20260718
AV000673,W00673,2026-07-18,09:00,18:00,60,420,0,420,AVAILABLE,,3.0,WF_V3_ALL_REGIONS_20260718
AV000674,W00674,2026-07-18,09:00,18:00,60,420,0,0,OFF_DUTY,비번,3.0,WF_V3_ALL_REGIONS_20260718
AV000675,W00675,2026-07-18,09:00,18:00,60,420,0,420,AVAILABLE,,3.0,WF_V3_ALL_REGIONS_20260718
AV000676,W00676,2026-07-18,09:00,18:00,60,420,30,390,AVAILABLE,,3.0,WF_V3_ALL_REGIONS_20260718
AV000677,W00677,2026-07-18,09:00,18:00,60,420,60,360,AVAILABLE,,3.0,WF_V3_ALL_REGIONS_20260718
AV000678,W00678,2026-07-18,09:00,18:00,60,420,90,330,AVAILABLE,,3.0,WF_V3_ALL_REGIONS_20260718
AV000679,W00679,2026-07-18,09:00,18:00,60,420,0,420,AVAILABLE,,3.0,WF_V3_ALL_REGIONS_20260718
AV000680,W00680,2026-07-18,09:00,18:00,60,420,0,0,OFF_DUTY,비번,3.0,WF_V3_ALL_REGIONS_20260718
AV000681,W00681,2026-07-18,09:00,18:00,60,420,0,420,AVAILABLE,,3.0,WF_V3_ALL_REGIONS_20260718
AV000682,W00682,2026-07-18,09:00,18:00,60,420,30,390,AVAILABLE,,3.0,WF_V3_ALL_REGIONS_20260718
AV000683,W00683,2026-07-18,09:00,18:00,60,420,60,360,AVAILABLE,,3.0,WF_V3_ALL_REGIONS_20260718
AV000684,W00684,2026-07-18,09:00,18:00,60,420,90,330,AVAILABLE,,3.0,WF_V3_ALL_REGIONS_20260718
AV000685,W00685,2026-07-18,09:00,18:00,60,420,0,420,AVAILABLE,,3.0,WF_V3_ALL_REGIONS_20260718
AV000686,W00686,2026-07-18,09:00,18:00,60,420,0,0,OFF_DUTY,비번,3.0,WF_V3_ALL_REGIONS_20260718
AV000687,W00687,2026-07-18,09:00,18:00,60,420,0,420,AVAILABLE,,3.0,WF_V3_ALL_REGIONS_20260718
AV000688,W00688,2026-07-18,09:00,18:00,60,420,30,390,AVAILABLE,,3.0,WF_V3_ALL_REGIONS_20260718
AV000689,W00689,2026-07-18,09:00,18:00,60,420,60,360,AVAILABLE,,3.0,WF_V3_ALL_REGIONS_20260718
AV000690,W00690,2026-07-18,09:00,18:00,60,420,90,330,AVAILABLE,,3.0,WF_V3_ALL_REGIONS_20260718
AV000691,W00691,2026-07-18,09:00,18:00,60,420,0,420,AVAILABLE,,3.0,WF_V3_ALL_REGIONS_20260718
AV000692,W00692,2026-07-18,09:00,18:00,60,420,30,390,AVAILABLE,,3.0,WF_V3_ALL_REGIONS_20260718
AV000693,W00693,2026-07-18,09:00,18:00,60,420,0,0,OFF_DUTY,비번,3.0,WF_V3_ALL_REGIONS_20260718
AV000694,W00694,2026-07-18,09:00,18:00,60,420,0,420,AVAILABLE,,3.0,WF_V3_ALL_REGIONS_20260718
AV000695,W00695,2026-07-18,09:00,18:00,60,420,30,390,AVAILABLE,,3.0,WF_V3_ALL_REGIONS_20260718
AV000696,W00696,2026-07-18,09:00,18:00,60,420,60,360,AVAILABLE,,3.0,WF_V3_ALL_REGIONS_20260718
AV000697,W00697,2026-07-18,09:00,18:00,60,420,90,330,AVAILABLE,,3.0,WF_V3_ALL_REGIONS_20260718
AV000698,W00698,2026-07-18,09:00,18:00,60,420,0,420,AVAILABLE,,3.0,WF_V3_ALL_REGIONS_20260718
AV000699,W00699,2026-07-18,09:00,18:00,60,420,0,0,OFF_DUTY,비번,3.0,WF_V3_ALL_REGIONS_20260718
AV000700,W00700,2026-07-18,09:00,18:00,60,420,0,420,AVAILABLE,,3.0,WF_V3_ALL_REGIONS_20260718
AV000701,W00701,2026-07-18,09:00,18:00,60,420,30,390,AVAILABLE,,3.0,WF_V3_ALL_REGIONS_20260718
AV000702,W00702,2026-07-18,09:00,18:00,60,420,60,360,AVAILABLE,,3.0,WF_V3_ALL_REGIONS_20260718
AV000703,W00703,2026-07-18,09:00,18:00,60,420,90,330,AVAILABLE,,3.0,WF_V3_ALL_REGIONS_20260718
AV000704,W00704,2026-07-18,09:00,18:00,60,420,0,420,AVAILABLE,,3.0,WF_V3_ALL_REGIONS_20260718
AV000705,W00705,2026-07-18,09:00,18:00,60,420,0,0,OFF_DUTY,비번,3.0,WF_V3_ALL_REGIONS_20260718
AV000706,W00706,2026-07-18,09:00,18:00,60,420,0,420,AVAILABLE,,3.0,WF_V3_ALL_REGIONS_20260718
AV000707,W00707,2026-07-18,09:00,18:00,60,420,30,390,AVAILABLE,,3.0,WF_V3_ALL_REGIONS_20260718
AV000708,W00708,2026-07-18,09:00,18:00,60,420,60,360,AVAILABLE,,3.0,WF_V3_ALL_REGIONS_20260718
AV000709,W00709,2026-07-18,09:00,18:00,60,420,90,330,AVAILABLE,,3.0,WF_V3_ALL_REGIONS_20260718
AV000710,W00710,2026-07-18,09:00,18:00,60,420,0,420,AVAILABLE,,3.0,WF_V3_ALL_REGIONS_20260718
AV000711,W00711,2026-07-18,09:00,18:00,60,420,0,0,OFF_DUTY,비번,3.0,WF_V3_ALL_REGIONS_20260718
AV000712,W00712,2026-07-18,09:00,18:00,60,420,0,420,AVAILABLE,,3.0,WF_V3_ALL_REGIONS_20260718
AV000713,W00713,2026-07-18,09:00,18:00,60,420,30,390,AVAILABLE,,3.0,WF_V3_ALL_REGIONS_20260718
AV000714,W00714,2026-07-18,09:00,18:00,60,420,60,360,AVAILABLE,,3.0,WF_V3_ALL_REGIONS_20260718
AV000715,W00715,2026-07-18,09:00,18:00,60,420,90,330,AVAILABLE,,3.0,WF_V3_ALL_REGIONS_20260718
AV000716,W00716,2026-07-18,09:00,18:00,60,420,0,420,AVAILABLE,,3.0,WF_V3_ALL_REGIONS_20260718
AV000717,W00717,2026-07-18,09:00,18:00,60,420,30,390,AVAILABLE,,3.0,WF_V3_ALL_REGIONS_20260718
AV000718,W00718,2026-07-18,09:00,18:00,60,420,0,0,OFF_DUTY,비번,3.0,WF_V3_ALL_REGIONS_20260718
AV000719,W00719,2026-07-18,09:00,18:00,60,420,0,420,AVAILABLE,,3.0,WF_V3_ALL_REGIONS_20260718
AV000720,W00720,2026-07-18,09:00,18:00,60,420,30,390,AVAILABLE,,3.0,WF_V3_ALL_REGIONS_20260718
AV000721,W00721,2026-07-18,09:00,18:00,60,420,60,360,AVAILABLE,,3.0,WF_V3_ALL_REGIONS_20260718
AV000722,W00722,2026-07-18,09:00,18:00,60,420,90,330,AVAILABLE,,3.0,WF_V3_ALL_REGIONS_20260718
AV000723,W00723,2026-07-18,09:00,18:00,60,420,0,420,AVAILABLE,,3.0,WF_V3_ALL_REGIONS_20260718
AV000724,W00724,2026-07-18,09:00,18:00,60,420,0,0,OFF_DUTY,비번,3.0,WF_V3_ALL_REGIONS_20260718
AV000725,W00725,2026-07-18,09:00,18:00,60,420,0,420,AVAILABLE,,3.0,WF_V3_ALL_REGIONS_20260718
AV000726,W00726,2026-07-18,09:00,18:00,60,420,30,390,AVAILABLE,,3.0,WF_V3_ALL_REGIONS_20260718
AV000727,W00727,2026-07-18,09:00,18:00,60,420,60,360,AVAILABLE,,3.0,WF_V3_ALL_REGIONS_20260718
AV000728,W00728,2026-07-18,09:00,18:00,60,420,90,330,AVAILABLE,,3.0,WF_V3_ALL_REGIONS_20260718
AV000729,W00729,2026-07-18,09:00,18:00,60,420,0,420,AVAILABLE,,3.0,WF_V3_ALL_REGIONS_20260718
AV000730,W00730,2026-07-18,09:00,18:00,60,420,0,0,OFF_DUTY,비번,3.0,WF_V3_ALL_REGIONS_20260718
AV000731,W00731,2026-07-18,09:00,18:00,60,420,0,420,AVAILABLE,,3.0,WF_V3_ALL_REGIONS_20260718
AV000732,W00732,2026-07-18,09:00,18:00,60,420,30,390,AVAILABLE,,3.0,WF_V3_ALL_REGIONS_20260718
AV000733,W00733,2026-07-18,09:00,18:00,60,420,60,360,AVAILABLE,,3.0,WF_V3_ALL_REGIONS_20260718
AV000734,W00734,2026-07-18,09:00,18:00,60,420,90,330,AVAILABLE,,3.0,WF_V3_ALL_REGIONS_20260718
AV000735,W00735,2026-07-18,09:00,18:00,60,420,0,420,AVAILABLE,,3.0,WF_V3_ALL_REGIONS_20260718
AV000736,W00736,2026-07-18,09:00,18:00,60,420,0,0,OFF_DUTY,비번,3.0,WF_V3_ALL_REGIONS_20260718
AV000737,W00737,2026-07-18,09:00,18:00,60,420,0,420,AVAILABLE,,3.0,WF_V3_ALL_REGIONS_20260718
AV000738,W00738,2026-07-18,09:00,18:00,60,420,30,390,AVAILABLE,,3.0,WF_V3_ALL_REGIONS_20260718
AV000739,W00739,2026-07-18,09:00,18:00,60,420,60,360,AVAILABLE,,3.0,WF_V3_ALL_REGIONS_20260718
AV000740,W00740,2026-07-18,09:00,18:00,60,420,90,330,AVAILABLE,,3.0,WF_V3_ALL_REGIONS_20260718
AV000741,W00741,2026-07-18,09:00,18:00,60,420,0,420,AVAILABLE,,3.0,WF_V3_ALL_REGIONS_20260718
AV000742,W00742,2026-07-18,09:00,18:00,60,420,30,390,AVAILABLE,,3.0,WF_V3_ALL_REGIONS_20260718
AV000743,W00743,2026-07-18,09:00,18:00,60,420,0,0,OFF_DUTY,비번,3.0,WF_V3_ALL_REGIONS_20260718
AV000744,W00744,2026-07-18,09:00,18:00,60,420,0,420,AVAILABLE,,3.0,WF_V3_ALL_REGIONS_20260718
AV000745,W00745,2026-07-18,09:00,18:00,60,420,30,390,AVAILABLE,,3.0,WF_V3_ALL_REGIONS_20260718
AV000746,W00746,2026-07-18,09:00,18:00,60,420,60,360,AVAILABLE,,3.0,WF_V3_ALL_REGIONS_20260718
AV000747,W00747,2026-07-18,09:00,18:00,60,420,90,330,AVAILABLE,,3.0,WF_V3_ALL_REGIONS_20260718
AV000748,W00748,2026-07-18,09:00,18:00,60,420,0,420,AVAILABLE,,3.0,WF_V3_ALL_REGIONS_20260718
AV000749,W00749,2026-07-18,09:00,18:00,60,420,0,0,OFF_DUTY,비번,3.0,WF_V3_ALL_REGIONS_20260718
AV000750,W00750,2026-07-18,09:00,18:00,60,420,0,420,AVAILABLE,,3.0,WF_V3_ALL_REGIONS_20260718
AV000751,W00751,2026-07-18,09:00,18:00,60,420,30,390,AVAILABLE,,3.0,WF_V3_ALL_REGIONS_20260718
AV000752,W00752,2026-07-18,09:00,18:00,60,420,60,360,AVAILABLE,,3.0,WF_V3_ALL_REGIONS_20260718
AV000753,W00753,2026-07-18,09:00,18:00,60,420,90,330,AVAILABLE,,3.0,WF_V3_ALL_REGIONS_20260718
AV000754,W00754,2026-07-18,09:00,18:00,60,420,0,420,AVAILABLE,,3.0,WF_V3_ALL_REGIONS_20260718
AV000755,W00755,2026-07-18,09:00,18:00,60,420,0,0,OFF_DUTY,비번,3.0,WF_V3_ALL_REGIONS_20260718
AV000756,W00756,2026-07-18,09:00,18:00,60,420,0,420,AVAILABLE,,3.0,WF_V3_ALL_REGIONS_20260718
AV000757,W00757,2026-07-18,09:00,18:00,60,420,30,390,AVAILABLE,,3.0,WF_V3_ALL_REGIONS_20260718
AV000758,W00758,2026-07-18,09:00,18:00,60,420,60,360,AVAILABLE,,3.0,WF_V3_ALL_REGIONS_20260718
AV000759,W00759,2026-07-18,09:00,18:00,60,420,90,330,AVAILABLE,,3.0,WF_V3_ALL_REGIONS_20260718
AV000760,W00760,2026-07-18,09:00,18:00,60,420,0,420,AVAILABLE,,3.0,WF_V3_ALL_REGIONS_20260718
AV000761,W00761,2026-07-18,09:00,18:00,60,420,0,0,OFF_DUTY,비번,3.0,WF_V3_ALL_REGIONS_20260718
AV000762,W00762,2026-07-18,09:00,18:00,60,420,0,420,AVAILABLE,,3.0,WF_V3_ALL_REGIONS_20260718
AV000763,W00763,2026-07-18,09:00,18:00,60,420,30,390,AVAILABLE,,3.0,WF_V3_ALL_REGIONS_20260718
AV000764,W00764,2026-07-18,09:00,18:00,60,420,60,360,AVAILABLE,,3.0,WF_V3_ALL_REGIONS_20260718
AV000765,W00765,2026-07-18,09:00,18:00,60,420,90,330,AVAILABLE,,3.0,WF_V3_ALL_REGIONS_20260718
AV000766,W00766,2026-07-18,09:00,18:00,60,420,0,420,AVAILABLE,,3.0,WF_V3_ALL_REGIONS_20260718
AV000767,W00767,2026-07-18,09:00,18:00,60,420,0,0,OFF_DUTY,비번,3.0,WF_V3_ALL_REGIONS_20260718
AV000768,W00768,2026-07-18,09:00,18:00,60,420,0,420,AVAILABLE,,3.0,WF_V3_ALL_REGIONS_20260718
AV000769,W00769,2026-07-18,09:00,18:00,60,420,30,390,AVAILABLE,,3.0,WF_V3_ALL_REGIONS_20260718
AV000770,W00770,2026-07-18,09:00,18:00,60,420,60,360,AVAILABLE,,3.0,WF_V3_ALL_REGIONS_20260718
AV000771,W00771,2026-07-18,09:00,18:00,60,420,90,330,AVAILABLE,,3.0,WF_V3_ALL_REGIONS_20260718
AV000772,W00772,2026-07-18,09:00,18:00,60,420,0,420,AVAILABLE,,3.0,WF_V3_ALL_REGIONS_20260718
AV000773,W00773,2026-07-18,09:00,18:00,60,420,30,390,AVAILABLE,,3.0,WF_V3_ALL_REGIONS_20260718
AV000774,W00774,2026-07-18,09:00,18:00,60,420,0,0,OFF_DUTY,비번,3.0,WF_V3_ALL_REGIONS_20260718
AV000775,W00775,2026-07-18,09:00,18:00,60,420,0,420,AVAILABLE,,3.0,WF_V3_ALL_REGIONS_20260718
AV000776,W00776,2026-07-18,09:00,18:00,60,420,30,390,AVAILABLE,,3.0,WF_V3_ALL_REGIONS_20260718
AV000777,W00777,2026-07-18,09:00,18:00,60,420,60,360,AVAILABLE,,3.0,WF_V3_ALL_REGIONS_20260718
AV000778,W00778,2026-07-18,09:00,18:00,60,420,90,330,AVAILABLE,,3.0,WF_V3_ALL_REGIONS_20260718
AV000779,W00779,2026-07-18,09:00,18:00,60,420,0,420,AVAILABLE,,3.0,WF_V3_ALL_REGIONS_20260718
AV000780,W00780,2026-07-18,09:00,18:00,60,420,0,0,OFF_DUTY,비번,3.0,WF_V3_ALL_REGIONS_20260718
AV000781,W00781,2026-07-18,09:00,18:00,60,420,0,420,AVAILABLE,,3.0,WF_V3_ALL_REGIONS_20260718
AV000782,W00782,2026-07-18,09:00,18:00,60,420,30,390,AVAILABLE,,3.0,WF_V3_ALL_REGIONS_20260718
AV000783,W00783,2026-07-18,09:00,18:00,60,420,60,360,AVAILABLE,,3.0,WF_V3_ALL_REGIONS_20260718
AV000784,W00784,2026-07-18,09:00,18:00,60,420,90,330,AVAILABLE,,3.0,WF_V3_ALL_REGIONS_20260718
AV000785,W00785,2026-07-18,09:00,18:00,60,420,0,420,AVAILABLE,,3.0,WF_V3_ALL_REGIONS_20260718
AV000786,W00786,2026-07-18,09:00,18:00,60,420,0,0,OFF_DUTY,비번,3.0,WF_V3_ALL_REGIONS_20260718
AV000787,W00787,2026-07-18,09:00,18:00,60,420,0,420,AVAILABLE,,3.0,WF_V3_ALL_REGIONS_20260718
AV000788,W00788,2026-07-18,09:00,18:00,60,420,30,390,AVAILABLE,,3.0,WF_V3_ALL_REGIONS_20260718
AV000789,W00789,2026-07-18,09:00,18:00,60,420,60,360,AVAILABLE,,3.0,WF_V3_ALL_REGIONS_20260718
AV000790,W00790,2026-07-18,09:00,18:00,60,420,90,330,AVAILABLE,,3.0,WF_V3_ALL_REGIONS_20260718
AV000791,W00791,2026-07-18,09:00,18:00,60,420,0,420,AVAILABLE,,3.0,WF_V3_ALL_REGIONS_20260718
AV000792,W00792,2026-07-18,09:00,18:00,60,420,0,0,OFF_DUTY,비번,3.0,WF_V3_ALL_REGIONS_20260718
AV000793,W00793,2026-07-18,09:00,18:00,60,420,0,420,AVAILABLE,,3.0,WF_V3_ALL_REGIONS_20260718
AV000794,W00794,2026-07-18,09:00,18:00,60,420,30,390,AVAILABLE,,3.0,WF_V3_ALL_REGIONS_20260718
AV000795,W00795,2026-07-18,09:00,18:00,60,420,60,360,AVAILABLE,,3.0,WF_V3_ALL_REGIONS_20260718
AV000796,W00796,2026-07-18,09:00,18:00,60,420,90,330,AVAILABLE,,3.0,WF_V3_ALL_REGIONS_20260718
AV000797,W00797,2026-07-18,09:00,18:00,60,420,0,420,AVAILABLE,,3.0,WF_V3_ALL_REGIONS_20260718
AV000798,W00798,2026-07-18,09:00,18:00,60,420,0,0,OFF_DUTY,비번,3.0,WF_V3_ALL_REGIONS_20260718
AV000799,W00799,2026-07-18,09:00,18:00,60,420,0,420,AVAILABLE,,3.0,WF_V3_ALL_REGIONS_20260718
AV000800,W00800,2026-07-18,09:00,18:00,60,420,30,390,AVAILABLE,,3.0,WF_V3_ALL_REGIONS_20260718
AV000801,W00801,2026-07-18,09:00,18:00,60,420,60,360,AVAILABLE,,3.0,WF_V3_ALL_REGIONS_20260718
AV000802,W00802,2026-07-18,09:00,18:00,60,420,90,330,AVAILABLE,,3.0,WF_V3_ALL_REGIONS_20260718
AV000803,W00803,2026-07-18,09:00,18:00,60,420,0,420,AVAILABLE,,3.0,WF_V3_ALL_REGIONS_20260718
AV000804,W00804,2026-07-18,09:00,18:00,60,420,0,0,OFF_DUTY,비번,3.0,WF_V3_ALL_REGIONS_20260718
AV000805,W00805,2026-07-18,09:00,18:00,60,420,0,420,AVAILABLE,,3.0,WF_V3_ALL_REGIONS_20260718
AV000806,W00806,2026-07-18,09:00,18:00,60,420,30,390,AVAILABLE,,3.0,WF_V3_ALL_REGIONS_20260718
AV000807,W00807,2026-07-18,09:00,18:00,60,420,60,360,AVAILABLE,,3.0,WF_V3_ALL_REGIONS_20260718
AV000808,W00808,2026-07-18,09:00,18:00,60,420,90,330,AVAILABLE,,3.0,WF_V3_ALL_REGIONS_20260718
AV000809,W00809,2026-07-18,09:00,18:00,60,420,0,420,AVAILABLE,,3.0,WF_V3_ALL_REGIONS_20260718
AV000810,W00810,2026-07-18,09:00,18:00,60,420,0,0,OFF_DUTY,비번,3.0,WF_V3_ALL_REGIONS_20260718
AV000811,W00811,2026-07-18,09:00,18:00,60,420,0,420,AVAILABLE,,3.0,WF_V3_ALL_REGIONS_20260718
AV000812,W00812,2026-07-18,09:00,18:00,60,420,30,390,AVAILABLE,,3.0,WF_V3_ALL_REGIONS_20260718
AV000813,W00813,2026-07-18,09:00,18:00,60,420,60,360,AVAILABLE,,3.0,WF_V3_ALL_REGIONS_20260718
AV000814,W00814,2026-07-18,09:00,18:00,60,420,90,330,AVAILABLE,,3.0,WF_V3_ALL_REGIONS_20260718
AV000815,W00815,2026-07-18,09:00,18:00,60,420,0,420,AVAILABLE,,3.0,WF_V3_ALL_REGIONS_20260718
AV000816,W00816,2026-07-18,09:00,18:00,60,420,0,0,OFF_DUTY,비번,3.0,WF_V3_ALL_REGIONS_20260718
AV000817,W00817,2026-07-18,09:00,18:00,60,420,0,420,AVAILABLE,,3.0,WF_V3_ALL_REGIONS_20260718
AV000818,W00818,2026-07-18,09:00,18:00,60,420,30,390,AVAILABLE,,3.0,WF_V3_ALL_REGIONS_20260718
AV000819,W00819,2026-07-18,09:00,18:00,60,420,60,360,AVAILABLE,,3.0,WF_V3_ALL_REGIONS_20260718
AV000820,W00820,2026-07-18,09:00,18:00,60,420,90,330,AVAILABLE,,3.0,WF_V3_ALL_REGIONS_20260718
AV000821,W00821,2026-07-18,09:00,18:00,60,420,0,420,AVAILABLE,,3.0,WF_V3_ALL_REGIONS_20260718
AV000822,W00822,2026-07-18,09:00,18:00,60,420,0,0,OFF_DUTY,비번,3.0,WF_V3_ALL_REGIONS_20260718
AV000823,W00823,2026-07-18,09:00,18:00,60,420,0,420,AVAILABLE,,3.0,WF_V3_ALL_REGIONS_20260718
AV000824,W00824,2026-07-18,09:00,18:00,60,420,30,390,AVAILABLE,,3.0,WF_V3_ALL_REGIONS_20260718
AV000825,W00825,2026-07-18,09:00,18:00,60,420,60,360,AVAILABLE,,3.0,WF_V3_ALL_REGIONS_20260718
AV000826,W00826,2026-07-18,09:00,18:00,60,420,90,330,AVAILABLE,,3.0,WF_V3_ALL_REGIONS_20260718
AV000827,W00827,2026-07-18,09:00,18:00,60,420,0,420,AVAILABLE,,3.0,WF_V3_ALL_REGIONS_20260718
AV000828,W00828,2026-07-18,09:00,18:00,60,420,0,0,OFF_DUTY,비번,3.0,WF_V3_ALL_REGIONS_20260718
AV000829,W00829,2026-07-18,09:00,18:00,60,420,0,420,AVAILABLE,,3.0,WF_V3_ALL_REGIONS_20260718
AV000830,W00830,2026-07-18,09:00,18:00,60,420,30,390,AVAILABLE,,3.0,WF_V3_ALL_REGIONS_20260718
AV000831,W00831,2026-07-18,09:00,18:00,60,420,60,360,AVAILABLE,,3.0,WF_V3_ALL_REGIONS_20260718
AV000832,W00832,2026-07-18,09:00,18:00,60,420,90,330,AVAILABLE,,3.0,WF_V3_ALL_REGIONS_20260718
AV000833,W00833,2026-07-18,09:00,18:00,60,420,0,420,AVAILABLE,,3.0,WF_V3_ALL_REGIONS_20260718
AV000834,W00834,2026-07-18,09:00,18:00,60,420,0,0,OFF_DUTY,비번,3.0,WF_V3_ALL_REGIONS_20260718
AV000835,W00835,2026-07-18,09:00,18:00,60,420,0,420,AVAILABLE,,3.0,WF_V3_ALL_REGIONS_20260718
AV000836,W00836,2026-07-18,09:00,18:00,60,420,30,390,AVAILABLE,,3.0,WF_V3_ALL_REGIONS_20260718
AV000837,W00837,2026-07-18,09:00,18:00,60,420,60,360,AVAILABLE,,3.0,WF_V3_ALL_REGIONS_20260718
AV000838,W00838,2026-07-18,09:00,18:00,60,420,90,330,AVAILABLE,,3.0,WF_V3_ALL_REGIONS_20260718
AV000839,W00839,2026-07-18,09:00,18:00,60,420,0,420,AVAILABLE,,3.0,WF_V3_ALL_REGIONS_20260718
AV000840,W00840,2026-07-18,09:00,18:00,60,420,0,0,OFF_DUTY,비번,3.0,WF_V3_ALL_REGIONS_20260718
AV000841,W00841,2026-07-18,09:00,18:00,60,420,0,420,AVAILABLE,,3.0,WF_V3_ALL_REGIONS_20260718
AV000842,W00842,2026-07-18,09:00,18:00,60,420,30,390,AVAILABLE,,3.0,WF_V3_ALL_REGIONS_20260718
AV000843,W00843,2026-07-18,09:00,18:00,60,420,60,360,AVAILABLE,,3.0,WF_V3_ALL_REGIONS_20260718
AV000844,W00844,2026-07-18,09:00,18:00,60,420,90,330,AVAILABLE,,3.0,WF_V3_ALL_REGIONS_20260718
AV000845,W00845,2026-07-18,09:00,18:00,60,420,0,420,AVAILABLE,,3.0,WF_V3_ALL_REGIONS_20260718
AV000846,W00846,2026-07-18,09:00,18:00,60,420,0,0,OFF_DUTY,비번,3.0,WF_V3_ALL_REGIONS_20260718
AV000847,W00847,2026-07-18,09:00,18:00,60,420,0,420,AVAILABLE,,3.0,WF_V3_ALL_REGIONS_20260718
AV000848,W00848,2026-07-18,09:00,18:00,60,420,30,390,AVAILABLE,,3.0,WF_V3_ALL_REGIONS_20260718
AV000849,W00849,2026-07-18,09:00,18:00,60,420,60,360,AVAILABLE,,3.0,WF_V3_ALL_REGIONS_20260718
AV000850,W00850,2026-07-18,09:00,18:00,60,420,90,330,AVAILABLE,,3.0,WF_V3_ALL_REGIONS_20260718
AV000851,W00851,2026-07-18,09:00,18:00,60,420,0,420,AVAILABLE,,3.0,WF_V3_ALL_REGIONS_20260718
AV000852,W00852,2026-07-18,09:00,18:00,60,420,0,0,OFF_DUTY,비번,3.0,WF_V3_ALL_REGIONS_20260718
AV000853,W00853,2026-07-18,09:00,18:00,60,420,0,420,AVAILABLE,,3.0,WF_V3_ALL_REGIONS_20260718
AV000854,W00854,2026-07-18,09:00,18:00,60,420,30,390,AVAILABLE,,3.0,WF_V3_ALL_REGIONS_20260718
AV000855,W00855,2026-07-18,09:00,18:00,60,420,60,360,AVAILABLE,,3.0,WF_V3_ALL_REGIONS_20260718
AV000856,W00856,2026-07-18,09:00,18:00,60,420,90,330,AVAILABLE,,3.0,WF_V3_ALL_REGIONS_20260718
AV000857,W00857,2026-07-18,09:00,18:00,60,420,0,420,AVAILABLE,,3.0,WF_V3_ALL_REGIONS_20260718
AV000858,W00858,2026-07-18,09:00,18:00,60,420,0,0,OFF_DUTY,비번,3.0,WF_V3_ALL_REGIONS_20260718
AV000859,W00859,2026-07-18,09:00,18:00,60,420,0,420,AVAILABLE,,3.0,WF_V3_ALL_REGIONS_20260718
AV000860,W00860,2026-07-18,09:00,18:00,60,420,30,390,AVAILABLE,,3.0,WF_V3_ALL_REGIONS_20260718
AV000861,W00861,2026-07-18,09:00,18:00,60,420,60,360,AVAILABLE,,3.0,WF_V3_ALL_REGIONS_20260718
AV000862,W00862,2026-07-18,09:00,18:00,60,420,90,330,AVAILABLE,,3.0,WF_V3_ALL_REGIONS_20260718
AV000863,W00863,2026-07-18,09:00,18:00,60,420,0,420,AVAILABLE,,3.0,WF_V3_ALL_REGIONS_20260718
AV000864,W00864,2026-07-18,09:00,18:00,60,420,30,390,AVAILABLE,,3.0,WF_V3_ALL_REGIONS_20260718
AV000865,W00865,2026-07-18,09:00,18:00,60,420,0,0,OFF_DUTY,비번,3.0,WF_V3_ALL_REGIONS_20260718
AV000866,W00866,2026-07-18,09:00,18:00,60,420,0,420,AVAILABLE,,3.0,WF_V3_ALL_REGIONS_20260718
AV000867,W00867,2026-07-18,09:00,18:00,60,420,30,390,AVAILABLE,,3.0,WF_V3_ALL_REGIONS_20260718
AV000868,W00868,2026-07-18,09:00,18:00,60,420,60,360,AVAILABLE,,3.0,WF_V3_ALL_REGIONS_20260718
AV000869,W00869,2026-07-18,09:00,18:00,60,420,90,330,AVAILABLE,,3.0,WF_V3_ALL_REGIONS_20260718
AV000870,W00870,2026-07-18,09:00,18:00,60,420,0,420,AVAILABLE,,3.0,WF_V3_ALL_REGIONS_20260718
AV000871,W00871,2026-07-18,09:00,18:00,60,420,0,0,OFF_DUTY,비번,3.0,WF_V3_ALL_REGIONS_20260718
AV000872,W00872,2026-07-18,09:00,18:00,60,420,0,420,AVAILABLE,,3.0,WF_V3_ALL_REGIONS_20260718
AV000873,W00873,2026-07-18,09:00,18:00,60,420,30,390,AVAILABLE,,3.0,WF_V3_ALL_REGIONS_20260718
AV000874,W00874,2026-07-18,09:00,18:00,60,420,60,360,AVAILABLE,,3.0,WF_V3_ALL_REGIONS_20260718
AV000875,W00875,2026-07-18,09:00,18:00,60,420,90,330,AVAILABLE,,3.0,WF_V3_ALL_REGIONS_20260718
AV000876,W00876,2026-07-18,09:00,18:00,60,420,0,420,AVAILABLE,,3.0,WF_V3_ALL_REGIONS_20260718
AV000877,W00877,2026-07-18,09:00,18:00,60,420,30,390,AVAILABLE,,3.0,WF_V3_ALL_REGIONS_20260718
AV000878,W00878,2026-07-18,09:00,18:00,60,420,0,0,OFF_DUTY,비번,3.0,WF_V3_ALL_REGIONS_20260718
AV000879,W00879,2026-07-18,09:00,18:00,60,420,0,420,AVAILABLE,,3.0,WF_V3_ALL_REGIONS_20260718
AV000880,W00880,2026-07-18,09:00,18:00,60,420,30,390,AVAILABLE,,3.0,WF_V3_ALL_REGIONS_20260718
AV000881,W00881,2026-07-18,09:00,18:00,60,420,60,360,AVAILABLE,,3.0,WF_V3_ALL_REGIONS_20260718
AV000882,W00882,2026-07-18,09:00,18:00,60,420,90,330,AVAILABLE,,3.0,WF_V3_ALL_REGIONS_20260718
AV000883,W00883,2026-07-18,09:00,18:00,60,420,0,420,AVAILABLE,,3.0,WF_V3_ALL_REGIONS_20260718
AV000884,W00884,2026-07-18,09:00,18:00,60,420,0,0,OFF_DUTY,비번,3.0,WF_V3_ALL_REGIONS_20260718
AV000885,W00885,2026-07-18,09:00,18:00,60,420,0,420,AVAILABLE,,3.0,WF_V3_ALL_REGIONS_20260718
AV000886,W00886,2026-07-18,09:00,18:00,60,420,30,390,AVAILABLE,,3.0,WF_V3_ALL_REGIONS_20260718
AV000887,W00887,2026-07-18,09:00,18:00,60,420,60,360,AVAILABLE,,3.0,WF_V3_ALL_REGIONS_20260718
AV000888,W00888,2026-07-18,09:00,18:00,60,420,90,330,AVAILABLE,,3.0,WF_V3_ALL_REGIONS_20260718
AV000889,W00889,2026-07-18,09:00,18:00,60,420,0,420,AVAILABLE,,3.0,WF_V3_ALL_REGIONS_20260718
AV000890,W00890,2026-07-18,09:00,18:00,60,420,0,0,OFF_DUTY,비번,3.0,WF_V3_ALL_REGIONS_20260718
AV000891,W00891,2026-07-18,09:00,18:00,60,420,0,420,AVAILABLE,,3.0,WF_V3_ALL_REGIONS_20260718
AV000892,W00892,2026-07-18,09:00,18:00,60,420,30,390,AVAILABLE,,3.0,WF_V3_ALL_REGIONS_20260718
AV000893,W00893,2026-07-18,09:00,18:00,60,420,60,360,AVAILABLE,,3.0,WF_V3_ALL_REGIONS_20260718
AV000894,W00894,2026-07-18,09:00,18:00,60,420,90,330,AVAILABLE,,3.0,WF_V3_ALL_REGIONS_20260718
AV000895,W00895,2026-07-18,09:00,18:00,60,420,0,420,AVAILABLE,,3.0,WF_V3_ALL_REGIONS_20260718
AV000896,W00896,2026-07-18,09:00,18:00,60,420,0,0,OFF_DUTY,비번,3.0,WF_V3_ALL_REGIONS_20260718
AV000897,W00897,2026-07-18,09:00,18:00,60,420,0,420,AVAILABLE,,3.0,WF_V3_ALL_REGIONS_20260718
AV000898,W00898,2026-07-18,09:00,18:00,60,420,30,390,AVAILABLE,,3.0,WF_V3_ALL_REGIONS_20260718
AV000899,W00899,2026-07-18,09:00,18:00,60,420,60,360,AVAILABLE,,3.0,WF_V3_ALL_REGIONS_20260718
AV000900,W00900,2026-07-18,09:00,18:00,60,420,90,330,AVAILABLE,,3.0,WF_V3_ALL_REGIONS_20260718
AV000901,W00901,2026-07-18,09:00,18:00,60,420,0,420,AVAILABLE,,3.0,WF_V3_ALL_REGIONS_20260718
AV000902,W00902,2026-07-18,09:00,18:00,60,420,0,0,OFF_DUTY,비번,3.0,WF_V3_ALL_REGIONS_20260718
AV000903,W00903,2026-07-18,09:00,18:00,60,420,0,420,AVAILABLE,,3.0,WF_V3_ALL_REGIONS_20260718
AV000904,W00904,2026-07-18,09:00,18:00,60,420,30,390,AVAILABLE,,3.0,WF_V3_ALL_REGIONS_20260718
AV000905,W00905,2026-07-18,09:00,18:00,60,420,60,360,AVAILABLE,,3.0,WF_V3_ALL_REGIONS_20260718
AV000906,W00906,2026-07-18,09:00,18:00,60,420,90,330,AVAILABLE,,3.0,WF_V3_ALL_REGIONS_20260718
AV000907,W00907,2026-07-18,09:00,18:00,60,420,0,420,AVAILABLE,,3.0,WF_V3_ALL_REGIONS_20260718
AV000908,W00908,2026-07-18,09:00,18:00,60,420,0,0,OFF_DUTY,비번,3.0,WF_V3_ALL_REGIONS_20260718
AV000909,W00909,2026-07-18,09:00,18:00,60,420,0,420,AVAILABLE,,3.0,WF_V3_ALL_REGIONS_20260718
AV000910,W00910,2026-07-18,09:00,18:00,60,420,30,390,AVAILABLE,,3.0,WF_V3_ALL_REGIONS_20260718
AV000911,W00911,2026-07-18,09:00,18:00,60,420,60,360,AVAILABLE,,3.0,WF_V3_ALL_REGIONS_20260718
AV000912,W00912,2026-07-18,09:00,18:00,60,420,90,330,AVAILABLE,,3.0,WF_V3_ALL_REGIONS_20260718
AV000913,W00913,2026-07-18,09:00,18:00,60,420,0,420,AVAILABLE,,3.0,WF_V3_ALL_REGIONS_20260718
AV000914,W00914,2026-07-18,09:00,18:00,60,420,0,0,OFF_DUTY,비번,3.0,WF_V3_ALL_REGIONS_20260718
