sido_code,sido_name,sigungu_code,sigungu_name,emd_code,emd_name,grid_count
11,서울특별시,11220,서초구,11220680,내곡동,3
21,부산광역시,21030,동구,21030570,수정2동,1
21,부산광역시,21030,동구,21030600,수정5동,2
21,부산광역시,21030,동구,21030710,범일1동,2
21,부산광역시,21040,영도구,21040660,동삼2동,1
21,부산광역시,21050,부산진구,21050550,초읍동,2
21,부산광역시,21050,부산진구,21050640,부암1동,1
21,부산광역시,21050,부산진구,21050660,부암3동,2
21,부산광역시,21050,부산진구,21050700,당감4동,2
21,부산광역시,21050,부산진구,21050720,가야2동,2
21,부산광역시,21050,부산진구,21050750,개금2동,1
21,부산광역시,21050,부산진구,21050760,개금3동,5
21,부산광역시,21050,부산진구,21050800,당감1동,5
21,부산광역시,21050,부산진구,21050810,가야1동,3
21,부산광역시,21050,부산진구,21050840,범천2동,3
21,부산광역시,21060,동래구,21060550,온천1동,3
21,부산광역시,21060,동래구,21060560,온천2동,4
21,부산광역시,21060,동래구,21060630,명장1동,1
21,부산광역시,21060,동래구,21060640,명장2동,1
21,부산광역시,21060,동래구,21060650,명륜동,1
21,부산광역시,21070,남구,21070530,대연3동,2
21,부산광역시,21080,북구,21080520,구포2동,3
21,부산광역시,21080,북구,21080530,구포3동,2
21,부산광역시,21080,북구,21080540,금곡동,14
21,부산광역시,21080,북구,21080550,화명1동,8
21,부산광역시,21080,북구,21080560,덕천1동,3
21,부산광역시,21080,북구,21080590,만덕1동,3
21,부산광역시,21080,북구,21080600,만덕2동,2
21,부산광역시,21080,북구,21080620,화명2동,16
21,부산광역시,21090,해운대구,21090540,중2동,3
21,부산광역시,21090,해운대구,21090560,송정동,10
21,부산광역시,21090,해운대구,21090580,반여2동,2
21,부산광역시,21090,해운대구,21090590,반여3동,2
21,부산광역시,21090,해운대구,21090620,반송2동,14
21,부산광역시,21090,해운대구,21090640,재송1동,2
21,부산광역시,21090,해운대구,21090650,재송2동,1
21,부산광역시,21090,해운대구,21090670,좌2동,2
21,부산광역시,21090,해운대구,21090680,좌3동,2
21,부산광역시,21090,해운대구,21090690,좌4동,25
21,부산광역시,21090,해운대구,21090700,반여1동,7
21,부산광역시,21090,해운대구,21090710,반여4동,2
21,부산광역시,21090,해운대구,21090720,반송1동,22
21,부산광역시,21090,해운대구,21090730,우1동,8
21,부산광역시,21090,해운대구,21090740,우2동,15
21,부산광역시,21100,사하구,21100570,하단2동,3
21,부산광역시,21110,금정구,21110570,부곡1동,1
21,부산광역시,21110,금정구,21110580,부곡2동,3
21,부산광역시,21110,금정구,21110590,부곡3동,11
21,부산광역시,21110,금정구,21110610,장전1동,2
21,부산광역시,21110,금정구,21110640,선두구동,28
21,부산광역시,21110,금정구,21110670,청룡노포동,18
21,부산광역시,21110,금정구,21110680,남산동,8
21,부산광역시,21110,금정구,21110690,구서1동,3
21,부산광역시,21110,금정구,21110700,구서2동,10
21,부산광역시,21110,금정구,21110710,금성동,20
21,부산광역시,21110,금정구,21110720,서3동,2
21,부산광역시,21110,금정구,21110730,금사회동동,8
21,부산광역시,21110,금정구,21110740,장전2동,9
21,부산광역시,21120,강서구,21120550,가락동,2
21,부산광역시,21120,강서구,21120561,녹산동,65
21,부산광역시,21120,강서구,21120580,가덕도동,23
21,부산광역시,21130,연제구,21130560,연산2동,3
21,부산광역시,21130,연제구,21130570,연산3동,1
21,부산광역시,21130,연제구,21130600,연산6동,1
21,부산광역시,21140,수영구,21140540,망미1동,2
21,부산광역시,21140,수영구,21140590,광안4동,2
21,부산광역시,21150,사상구,21150520,모라1동,1
21,부산광역시,21150,사상구,21150540,모라3동,3
21,부산광역시,21150,사상구,21150550,덕포1동,1
21,부산광역시,21150,사상구,21150560,덕포2동,2
21,부산광역시,21150,사상구,21150570,괘법동,4
21,부산광역시,21150,사상구,21150600,주례1동,3
21,부산광역시,21150,사상구,21150610,주례2동,1
21,부산광역시,21150,사상구,21150620,주례3동,1
21,부산광역시,21150,사상구,21150650,감전동,1
21,부산광역시,21510,기장군,21510110,기장읍,74
21,부산광역시,21510,기장군,21510111,일광읍,44
21,부산광역시,21510,기장군,21510120,장안읍,34
21,부산광역시,21510,기장군,21510130,정관읍,52
21,부산광역시,21510,기장군,21510330,철마면,75
22,대구광역시,22020,동구,22020620,도평동,38
22,대구광역시,22020,동구,22020630,불로·봉무동,8
22,대구광역시,22020,동구,22020650,지저동,1
22,대구광역시,22020,동구,22020660,동촌동,1
22,대구광역시,22020,동구,22020690,해안동,24
22,대구광역시,22020,동구,22020710,공산동,65
22,대구광역시,22020,동구,22020740,안심2동,5
22,대구광역시,22020,동구,22020780,혁신동,9
22,대구광역시,22030,서구,22030660,상중이동,7
22,대구광역시,22040,남구,22040540,봉덕2동,2
22,대구광역시,22040,남구,22040550,봉덕3동,1
22,대구광역시,22040,남구,22040610,대명6동,3
22,대구광역시,22040,남구,22040640,대명9동,4
22,대구광역시,22040,남구,22040660,대명11동,4
22,대구광역시,22050,북구,22050550,침산1동,1
22,대구광역시,22050,북구,22050570,침산3동,1
22,대구광역시,22050,북구,22050610,산격1동,1
22,대구광역시,22050,북구,22050640,산격4동,1
22,대구광역시,22050,북구,22050700,검단동,4
22,대구광역시,22050,북구,22050710,무태조야동,26
22,대구광역시,22050,북구,22050740,태전2동,1
22,대구광역시,22050,북구,22050750,관문동,8
22,대구광역시,22050,북구,22050760,읍내동,19
22,대구광역시,22050,북구,22050770,관음동,7
22,대구광역시,22050,북구,22050780,태전1동,3
22,대구광역시,22050,북구,22050790,구암동,2
22,대구광역시,22050,북구,22050830,국우동,47
22,대구광역시,22060,수성구,22060610,황금1동,2
22,대구광역시,22060,수성구,22060650,파동,11
22,대구광역시,22060,수성구,22060660,두산동,4
22,대구광역시,22060,수성구,22060670,지산1동,6
22,대구광역시,22060,수성구,22060680,지산2동,4
22,대구광역시,22060,수성구,22060720,고산2동,1
22,대구광역시,22070,달서구,22070550,두류3동,1
22,대구광역시,22070,달서구,22070590,장기동,3
22,대구광역시,22070,달서구,22070600,이곡1동,4
22,대구광역시,22070,달서구,22070610,신당동,3
22,대구광역시,22070,달서구,22070650,상인1동,1
22,대구광역시,22070,달서구,22070670,상인3동,7
22,대구광역시,22070,달서구,22070680,도원동,22
22,대구광역시,22070,달서구,22070690,송현1동,3
22,대구광역시,22070,달서구,22070700,송현2동,1
22,대구광역시,22070,달서구,22070710,본동,1
22,대구광역시,22070,달서구,22070720,용산1동,1
22,대구광역시,22070,달서구,22070730,용산2동,2
22,대구광역시,22070,달서구,22070740,이곡2동,1
22,대구광역시,22070,달서구,22070750,성당동,1
22,대구광역시,22070,달서구,22070770,월성1동,2
22,대구광역시,22070,달서구,22070780,진천동,10
22,대구광역시,22510,달성군,22510110,화원읍,49
22,대구광역시,22510,달성군,22510120,논공읍,66
22,대구광역시,22510,달성군,22510130,다사읍,71
22,대구광역시,22510,달성군,22510140,유가읍,90
22,대구광역시,22510,달성군,22510150,옥포읍,101
22,대구광역시,22510,달성군,22510160,현풍읍,47
22,대구광역시,22510,달성군,22510310,가창면,25
22,대구광역시,22510,달성군,22510320,하빈면,19
22,대구광역시,22510,달성군,22510360,구지면,51
22,대구광역시,22520,군위군,22520111,군위읍,147
22,대구광역시,22520,군위군,22520311,소보면,293
22,대구광역시,22520,군위군,22520312,효령면,191
22,대구광역시,22520,군위군,22520313,부계면,13
22,대구광역시,22520,군위군,22520314,우보면,29
22,대구광역시,22520,군위군,22520316,산성면,1
24,광주광역시,24020,서구,24020640,서창동,21
24,광주광역시,24030,남구,24030670,송암동,1
24,광주광역시,24030,남구,24030700,대촌동,14
24,광주광역시,24050,광산구,24050514,어룡동,5
24,광주광역시,24050,광산구,24050518,임곡동,47
24,광주광역시,24050,광산구,24050519,본량동,44
24,광주광역시,24050,광산구,24050630,하남동,7
24,광주광역시,24050,광산구,24050650,동곡동,1
24,광주광역시,24050,광산구,24050670,삼도동,46
25,대전광역시,25040,유성구,25040590,노은1동,20
25,대전광역시,25040,유성구,25040640,온천1동,3
25,대전광역시,25040,유성구,25040670,노은3동,2
25,대전광역시,25040,유성구,25040690,학하동,8
26,울산광역시,26010,중구,26010610,다운동,3
26,울산광역시,26010,중구,26010660,성안동,1
26,울산광역시,26020,남구,26020580,삼호동,1
26,울산광역시,26020,남구,26020600,옥동,2
26,울산광역시,26020,남구,26020640,선암동,1
26,울산광역시,26030,동구,26030550,전하1동,2
26,울산광역시,26040,북구,26040530,농소3동,1
26,울산광역시,26040,북구,26040540,강동동,8
26,울산광역시,26510,울주군,26510120,언양읍,40
26,울산광역시,26510,울주군,26510130,온양읍,17
26,울산광역시,26510,울주군,26510140,범서읍,36
26,울산광역시,26510,울주군,26510160,삼남읍,7
26,울산광역시,26510,울주군,26510310,서생면,2
26,울산광역시,26510,울주군,26510340,웅촌면,1
26,울산광역시,26510,울주군,26510360,두동면,70
26,울산광역시,26510,울주군,26510370,두서면,42
26,울산광역시,26510,울주군,26510380,상북면,42
26,울산광역시,26510,울주군,26510400,삼동면,29
29,세종특별자치시,29010,세종시,29010370,전의면,16
29,세종특별자치시,29010,세종시,29010380,전동면,26
31,경기도,31021,성남시 수정구,31021540,태평1동,1
31,경기도,31021,성남시 수정구,31021570,태평4동,1
31,경기도,31021,성남시 수정구,31021620,양지동,1
31,경기도,31021,성남시 수정구,31021640,신촌동,1
31,경기도,31021,성남시 수정구,31021650,고등동,15
31,경기도,31021,성남시 수정구,31021660,시흥동,12
31,경기도,31022,성남시 중원구,31022530,금광1동,1
31,경기도,31022,성남시 중원구,31022540,금광2동,2
31,경기도,31022,성남시 중원구,31022560,은행2동,3
31,경기도,31022,성남시 중원구,31022570,상대원1동,10
31,경기도,31022,성남시 중원구,31022580,상대원2동,1
31,경기도,31022,성남시 중원구,31022600,하대원동,1
31,경기도,31022,성남시 중원구,31022610,도촌동,7
31,경기도,31023,성남시 분당구,31023510,분당동,6
31,경기도,31023,성남시 분당구,31023520,수내3동,3
31,경기도,31023,성남시 분당구,31023540,수내2동,1
31,경기도,31023,성남시 분당구,31023560,정자3동,3
31,경기도,31023,성남시 분당구,31023580,서현1동,2
31,경기도,31023,성남시 분당구,31023600,이매1동,3
31,경기도,31023,성남시 분당구,31023630,야탑3동,4
31,경기도,31023,성남시 분당구,31023670,구미동,5
31,경기도,31023,성남시 분당구,31023680,운중동,27
31,경기도,31023,성남시 분당구,31023710,금곡동,8
31,경기도,31023,성남시 분당구,31023720,구미1동,2
31,경기도,31023,성남시 분당구,31023750,판교동,6
31,경기도,31030,의정부시,31030600,자금동,9
31,경기도,31030,의정부시,31030640,녹양동,2
31,경기도,31030,의정부시,31030710,송산3동,13
31,경기도,31030,의정부시,31030721,고산동,2
31,경기도,31070,평택시,31070120,안중읍,26
31,경기도,31070,평택시,31070130,포승읍,54
31,경기도,31070,평택시,31070140,청북읍,10
31,경기도,31070,평택시,31070310,진위면,1
31,경기도,31070,평택시,31070370,현덕면,25
31,경기도,31070,평택시,31070530,송탄동,1
31,경기도,31080,동두천시,31080510,생연1동,4
31,경기도,31080,동두천시,31080550,보산동,24
31,경기도,31080,동두천시,31080560,불현동,76
31,경기도,31080,동두천시,31080580,소요동,68
31,경기도,31080,동두천시,31080600,상패동,9
31,경기도,31080,동두천시,31080610,송내동,12
31,경기도,31130,남양주시,31130110,와부읍,56
31,경기도,31130,남양주시,31130111,화도읍,78
31,경기도,31130,남양주시,31130120,진접읍,138
31,경기도,31130,남양주시,31130140,진건읍,53
31,경기도,31130,남양주시,31130150,오남읍,41
31,경기도,31130,남양주시,31130340,수동면,67
31,경기도,31130,남양주시,31130350,조안면,49
31,경기도,31130,남양주시,31130510,호평동,7
31,경기도,31130,남양주시,31130520,평내동,11
31,경기도,31130,남양주시,31130530,금곡동,20
31,경기도,31130,남양주시,31130540,양정동,17
31,경기도,31170,의왕시,31170560,청계동,3
31,경기도,31180,하남시,31180510,천현동,45
31,경기도,31180,하남시,31180530,신장2동,1
31,경기도,31180,하남시,31180590,춘궁동,9
31,경기도,31191,용인시 처인구,31191110,포곡읍,72
31,경기도,31191,용인시 처인구,31191120,모현읍,74
31,경기도,31191,용인시 처인구,31191130,이동읍,106
31,경기도,31191,용인시 처인구,31191140,남사읍,70
31,경기도,31191,용인시 처인구,31191340,원삼면,86
31,경기도,31191,용인시 처인구,31191350,백암면,68
31,경기도,31191,용인시 처인구,31191360,양지면,136
31,경기도,31191,용인시 처인구,31191510,중앙동,17
31,경기도,31191,용인시 처인구,31191530,유림동,38
31,경기도,31191,용인시 처인구,31191540,동부동,59
31,경기도,31191,용인시 처인구,31191550,역북동,12
31,경기도,31191,용인시 처인구,31191560,삼가동,10
31,경기도,31192,용인시 기흥구,31192520,구갈동,3
31,경기도,31192,용인시 기흥구,31192560,구성동,16
31,경기도,31192,용인시 기흥구,31192570,마북동,5
31,경기도,31192,용인시 기흥구,31192590,보정동,5
31,경기도,31192,용인시 기흥구,31192600,상하동,3
31,경기도,31192,용인시 기흥구,31192670,동백1동,3
31,경기도,31192,용인시 기흥구,31192680,동백2동,8
31,경기도,31192,용인시 기흥구,31192690,동백3동,2
31,경기도,31193,용인시 수지구,31193560,동천동,7
31,경기도,31193,용인시 수지구,31193600,죽전1동,6
31,경기도,31193,용인시 수지구,31193610,죽전3동,1
31,경기도,31200,파주시,31200130,법원읍,120
31,경기도,31200,파주시,31200350,광탄면,32
31,경기도,31200,파주시,31200370,적성면,26
31,경기도,31210,이천시,31210310,신둔면,54
31,경기도,31210,이천시,31210320,백사면,35
31,경기도,31210,이천시,31210330,호법면,12
31,경기도,31210,이천시,31210340,마장면,109
31,경기도,31210,이천시,31210360,모가면,1
31,경기도,31210,이천시,31210530,관고동,4
31,경기도,31210,이천시,31210540,증포동,1
31,경기도,31220,안성시,31220310,보개면,75
31,경기도,31220,안성시,31220320,금광면,8
31,경기도,31220,안성시,31220360,양성면,2
31,경기도,31220,안성시,31220400,죽산면,8
31,경기도,31220,안성시,31220410,삼죽면,48
31,경기도,31220,안성시,31220420,고삼면,12
31,경기도,31240,화성시,31240120,봉담읍,7
31,경기도,31240,화성시,31240140,향남읍,2
31,경기도,31240,화성시,31240310,매송면,1
31,경기도,31240,화성시,31240380,팔탄면,1
31,경기도,31240,화성시,31240390,장안면,3
31,경기도,31240,화성시,31240420,양감면,23
31,경기도,31240,화성시,31240710,동탄8동,2
31,경기도,31240,화성시,31240720,동탄9동,8
31,경기도,31250,광주시,31250120,초월읍,16
31,경기도,31250,광주시,31250140,곤지암읍,14
31,경기도,31250,광주시,31250340,도척면,27
31,경기도,31250,광주시,31250350,퇴촌면,34
31,경기도,31250,광주시,31250360,남종면,54
31,경기도,31250,광주시,31250380,남한산성면,5
31,경기도,31250,광주시,31250511,오포1동,10
31,경기도,31250,광주시,31250512,오포2동,11
31,경기도,31250,광주시,31250513,신현동,8
31,경기도,31250,광주시,31250514,능평동,9
31,경기도,31250,광주시,31250540,경안동,4
31,경기도,31250,광주시,31250550,송정동,1
31,경기도,31250,광주시,31250560,쌍령동,3
31,경기도,31250,광주시,31250570,탄벌동,4
31,경기도,31250,광주시,31250580,광남1동,8
31,경기도,31250,광주시,31250590,광남2동,1
31,경기도,31260,양주시,31260110,백석읍,37
31,경기도,31260,양주시,31260310,은현면,74
31,경기도,31260,양주시,31260320,남면,87
31,경기도,31260,양주시,31260330,광적면,118
31,경기도,31260,양주시,31260510,양주1동,51
31,경기도,31260,양주시,31260520,양주2동,11
31,경기도,31260,양주시,31260530,회천1동,11
31,경기도,31260,양주시,31260540,회천2동,25
31,경기도,31260,양주시,31260561,옥정1동,9
31,경기도,31270,포천시,31270110,소흘읍,63
31,경기도,31270,포천시,31270310,군내면,46
31,경기도,31270,포천시,31270320,내촌면,125
31,경기도,31270,포천시,31270330,가산면,53
31,경기도,31270,포천시,31270340,신북면,134
31,경기도,31270,포천시,31270350,창수면,133
31,경기도,31270,포천시,31270360,영중면,78
31,경기도,31270,포천시,31270370,일동면,124
31,경기도,31270,포천시,31270380,이동면,3
31,경기도,31270,포천시,31270390,영북면,23
31,경기도,31270,포천시,31270400,관인면,7
31,경기도,31270,포천시,31270410,화현면,52
31,경기도,31270,포천시,31270510,포천동,17
31,경기도,31270,포천시,31270520,선단동,50
31,경기도,31280,여주시,31280310,점동면,19
31,경기도,31280,여주시,31280330,흥천면,36
31,경기도,31280,여주시,31280340,금사면,119
31,경기도,31280,여주시,31280350,산북면,90
31,경기도,31280,여주시,31280360,대신면,1
31,경기도,31280,여주시,31280370,북내면,85
31,경기도,31280,여주시,31280380,강천면,167
31,경기도,31550,연천군,31550110,연천읍,42
31,경기도,31550,연천군,31550120,전곡읍,91
31,경기도,31550,연천군,31550310,군남면,78
31,경기도,31550,연천군,31550320,청산면,90
31,경기도,31550,연천군,31550340,미산면,6
31,경기도,31550,연천군,31550360,신서면,11
31,경기도,31570,가평군,31570110,가평읍,312
31,경기도,31570,가평군,31570310,설악면,240
31,경기도,31570,가평군,31570320,청평면,219
31,경기도,31570,가평군,31570330,상면,220
31,경기도,31570,가평군,31570350,북면,204
31,경기도,31570,가평군,31570360,조종면,197
31,경기도,31580,양평군,31580110,양평읍,46
31,경기도,31580,양평군,31580310,강상면,68
31,경기도,31580,양평군,31580320,강하면,78
31,경기도,31580,양평군,31580330,양서면,144
31,경기도,31580,양평군,31580340,옥천면,33
31,경기도,31580,양평군,31580350,서종면,146
31,경기도,31580,양평군,31580360,단월면,185
31,경기도,31580,양평군,31580370,청운면,193
31,경기도,31580,양평군,31580380,양동면,97
31,경기도,31580,양평군,31580390,지평면,105
31,경기도,31580,양평군,31580400,용문면,92
31,경기도,31580,양평군,31580410,개군면,53
32,강원특별자치도,32010,춘천시,32010110,신북읍,10
32,강원특별자치도,32010,춘천시,32010310,동면,128
32,강원특별자치도,32010,춘천시,32010320,동산면,60
32,강원특별자치도,32010,춘천시,32010330,신동면,91
32,강원특별자치도,32010,춘천시,32010340,동내면,59
32,강원특별자치도,32010,춘천시,32010350,남면,206
32,강원특별자치도,32010,춘천시,32010360,남산면,356
32,강원특별자치도,32010,춘천시,32010370,서면,274
32,강원특별자치도,32010,춘천시,32010380,사북면,68
32,강원특별자치도,32010,춘천시,32010390,북산면,1
32,강원특별자치도,32010,춘천시,32010520,교동,1
32,강원특별자치도,32010,춘천시,32010600,후평1동,1
32,강원특별자치도,32010,춘천시,32010620,후평3동,2
32,강원특별자치도,32010,춘천시,32010640,효자2동,2
32,강원특별자치도,32010,춘천시,32010660,석사동,7
32,강원특별자치도,32010,춘천시,32010670,퇴계동,7
32,강원특별자치도,32010,춘천시,32010680,강남동,13
32,강원특별자치도,32010,춘천시,32010710,신사우동,5
32,강원특별자치도,32020,원주시,32020110,문막읍,202
32,강원특별자치도,32020,원주시,32020310,소초면,12
32,강원특별자치도,32020,원주시,32020320,호저면,167
32,강원특별자치도,32020,원주시,32020330,지정면,252
32,강원특별자치도,32020,원주시,32020340,부론면,115
32,강원특별자치도,32020,원주시,32020350,귀래면,2
32,강원특별자치도,32020,원주시,32020360,흥업면,15
32,강원특별자치도,32020,원주시,32020610,우산동,4
32,강원특별자치도,32040,동해시,32040520,송정동,3
32,강원특별자치도,32040,동해시,32040530,북삼동,16
32,강원특별자치도,32510,홍천군,32510110,홍천읍,120
32,강원특별자치도,32510,홍천군,32510310,화촌면,48
32,강원특별자치도,32510,홍천군,32510360,남면,130
32,강원특별자치도,32510,홍천군,32510370,서면,235
32,강원특별자치도,32510,홍천군,32510380,북방면,297
32,강원특별자치도,32510,홍천군,32510400,영귀미면,14
32,강원특별자치도,32520,횡성군,32520110,횡성읍,117
32,강원특별자치도,32520,횡성군,32520310,우천면,2
32,강원특별자치도,32520,횡성군,32520340,갑천면,5
32,강원특별자치도,32520,횡성군,32520360,공근면,8
32,강원특별자치도,32520,횡성군,32520370,서원면,216
32,강원특별자치도,32550,정선군,32550110,정선읍,88
32,강원특별자치도,32550,정선군,32550320,남면,29
32,강원특별자치도,32550,정선군,32550340,북평면,20
32,강원특별자치도,32550,정선군,32550360,화암면,6
32,강원특별자치도,32560,철원군,32560130,갈말읍,1
32,강원특별자치도,32570,화천군,32570330,상서면,1
33,충청북도,33020,충주시,33020310,살미면,1
33,충청북도,33020,충주시,33020340,신니면,1
33,충청북도,33020,충주시,33020360,앙성면,3
33,충청북도,33030,제천시,33030320,청풍면,26
33,충청북도,33030,제천시,33030330,수산면,100
33,충청북도,33030,제천시,33030340,덕산면,47
33,충청북도,33030,제천시,33030350,한수면,34
33,충청북도,33043,청주시 흥덕구,33043110,오송읍,3
33,충청북도,33044,청주시 청원구,33044120,오창읍,3
33,충청북도,33540,영동군,33540310,용산면,6
33,충청북도,33540,영동군,33540400,심천면,12
33,충청북도,33580,단양군,33580110,단양읍,16
33,충청북도,33580,단양군,33580120,매포읍,39
33,충청북도,33580,단양군,33580310,단성면,6
33,충청북도,33580,단양군,33580360,적성면,60
34,충청남도,34011,천안시 동남구,34011310,풍세면,2
34,충청남도,34011,천안시 동남구,34011350,수신면,1
34,충청남도,34011,천안시 동남구,34011570,신방동,2
34,충청남도,34012,천안시 서북구,34012310,입장면,2
34,충청남도,34020,공주시,34020340,반포면,2
34,충청남도,34020,공주시,34020380,우성면,1
34,충청남도,34020,공주시,34020400,신풍면,8
34,충청남도,34030,보령시,34030310,주포면,23
34,충청남도,34030,보령시,34030320,주교면,47
34,충청남도,34030,보령시,34030330,오천면,56
34,충청남도,34030,보령시,34030350,청소면,15
34,충청남도,34030,보령시,34030360,청라면,92
34,충청남도,34030,보령시,34030400,성주면,33
34,충청남도,34030,보령시,34030510,대천1동,4
34,충청남도,34030,보령시,34030530,대천3동,10
34,충청남도,34040,아산시,34040120,배방읍,3
34,충청남도,34040,아산시,34040310,송악면,4
34,충청남도,34040,아산시,34040390,도고면,2
34,충청남도,34050,서산시,34050310,인지면,45
34,충청남도,34050,서산시,34050320,부석면,94
34,충청남도,34050,서산시,34050330,팔봉면,57
34,충청남도,34050,서산시,34050510,부춘동,15
34,충청남도,34080,당진시,34080120,송악읍,1
34,충청남도,34080,당진시,34080380,신평면,3
34,충청남도,34080,당진시,34080510,당진1동,1
34,충청남도,34530,부여군,34530330,외산면,21
34,충청남도,34540,서천군,34540110,장항읍,20
34,충청남도,34540,서천군,34540120,서천읍,1
34,충청남도,34540,서천군,34540310,마서면,39
34,충청남도,34540,서천군,34540380,판교면,50
34,충청남도,34540,서천군,34540390,종천면,47
34,충청남도,34540,서천군,34540400,비인면,88
34,충청남도,34540,서천군,34540410,서면,2
34,충청남도,34550,청양군,34550110,청양읍,2
34,충청남도,34550,청양군,34550320,대치면,10
34,충청남도,34550,청양군,34550330,정산면,84
34,충청남도,34550,청양군,34550370,남양면,48
34,충청남도,34550,청양군,34550380,화성면,48
34,충청남도,34560,홍성군,34560110,홍성읍,3
34,충청남도,34560,홍성군,34560130,홍북읍,1
34,충청남도,34560,홍성군,34560380,갈산면,10
34,충청남도,34560,홍성군,34560390,구항면,28
34,충청남도,34570,예산군,34570310,대술면,37
34,충청남도,34570,예산군,34570360,덕산면,5
34,충청남도,34580,태안군,34580110,태안읍,204
34,충청남도,34580,태안군,34580120,안면읍,252
34,충청남도,34580,태안군,34580310,고남면,18
34,충청남도,34580,태안군,34580320,남면,159
34,충청남도,34580,태안군,34580330,근흥면,102
34,충청남도,34580,태안군,34580340,소원면,43
34,충청남도,34580,태안군,34580350,원북면,61
34,충청남도,34580,태안군,34580360,이원면,1
35,전북특별자치도,35011,전주시 완산구,35011690,삼천3동,17
35,전북특별자치도,35020,군산시,35020110,옥구읍,20
35,전북특별자치도,35020,군산시,35020310,옥산면,7
35,전북특별자치도,35020,군산시,35020320,회현면,6
35,전북특별자치도,35020,군산시,35020330,임피면,3
35,전북특별자치도,35020,군산시,35020340,서수면,12
35,전북특별자치도,35020,군산시,35020350,대야면,10
35,전북특별자치도,35020,군산시,35020360,개정면,12
35,전북특별자치도,35020,군산시,35020370,성산면,31
35,전북특별자치도,35020,군산시,35020380,나포면,32
35,전북특별자치도,35020,군산시,35020390,옥도면,1
35,전북특별자치도,35020,군산시,35020400,옥서면,16
35,전북특별자치도,35020,군산시,35020510,해신동,1
35,전북특별자치도,35020,군산시,35020550,신풍동,2
35,전북특별자치도,35020,군산시,35020650,조촌동,3
35,전북특별자치도,35020,군산시,35020670,구암동,9
35,전북특별자치도,35020,군산시,35020680,개정동,6
35,전북특별자치도,35020,군산시,35020690,수송동,1
35,전북특별자치도,35020,군산시,35020700,나운1동,3
35,전북특별자치도,35020,군산시,35020710,나운2동,1
35,전북특별자치도,35020,군산시,35020720,소룡동,16
35,전북특별자치도,35020,군산시,35020730,미성동,15
35,전북특별자치도,35020,군산시,35020740,나운3동,16
35,전북특별자치도,35030,익산시,35030320,황등면,1
35,전북특별자치도,35030,익산시,35030330,함라면,22
35,전북특별자치도,35030,익산시,35030340,웅포면,20
35,전북특별자치도,35030,익산시,35030350,성당면,3
35,전북특별자치도,35030,익산시,35030410,왕궁면,12
35,전북특별자치도,35030,익산시,35030420,춘포면,12
35,전북특별자치도,35030,익산시,35030690,팔봉동,7
35,전북특별자치도,35030,익산시,35030700,삼성동,1
35,전북특별자치도,35040,정읍시,35040310,북면,1
35,전북특별자치도,35040,정읍시,35040330,소성면,15
35,전북특별자치도,35040,정읍시,35040340,고부면,25
35,전북특별자치도,35040,정읍시,35040360,덕천면,12
35,전북특별자치도,35040,정읍시,35040580,농소동,28
35,전북특별자치도,35050,남원시,35050340,주생면,5
35,전북특별자치도,35050,남원시,35050370,대산면,12
35,전북특별자치도,35050,남원시,35050560,왕정동,2
35,전북특별자치도,35050,남원시,35050570,향교동,10
35,전북특별자치도,35060,김제시,35060110,만경읍,2
35,전북특별자치도,35060,김제시,35060330,용지면,24
35,전북특별자치도,35060,김제시,35060340,백구면,3
35,전북특별자치도,35060,김제시,35060360,공덕면,2
35,전북특별자치도,35060,김제시,35060400,금구면,7
35,전북특별자치도,35060,김제시,35060420,황산면,1
35,전북특별자치도,35510,완주군,35510360,고산면,2
35,전북특별자치도,35550,임실군,35550310,청웅면,12
35,전북특별자치도,35550,임실군,35550370,삼계면,29
35,전북특별자치도,35550,임실군,35550390,강진면,24
35,전북특별자치도,35550,임실군,35550400,덕치면,72
35,전북특별자치도,35560,순창군,35560110,순창읍,13
35,전북특별자치도,35560,순창군,35560310,인계면,78
35,전북특별자치도,35560,순창군,35560320,동계면,61
35,전북특별자치도,35560,순창군,35560330,적성면,41
35,전북특별자치도,35560,순창군,35560360,금과면,7
35,전북특별자치도,35560,순창군,35560370,팔덕면,27
35,전북특별자치도,35560,순창군,35560400,구림면,26
36,전라남도,36020,여수시,36020110,돌산읍,98
36,전라남도,36020,여수시,36020310,소라면,71
36,전라남도,36020,여수시,36020320,율촌면,19
36,전라남도,36020,여수시,36020330,화양면,81
36,전라남도,36020,여수시,36020540,충무동,1
36,전라남도,36020,여수시,36020550,광림동,9
36,전라남도,36020,여수시,36020560,서강동,1
36,전라남도,36020,여수시,36020570,대교동,1
36,전라남도,36020,여수시,36020580,국동,1
36,전라남도,36020,여수시,36020590,월호동,5
36,전라남도,36020,여수시,36020600,여서동,7
36,전라남도,36020,여수시,36020610,문수동,4
36,전라남도,36020,여수시,36020620,미평동,7
36,전라남도,36020,여수시,36020630,둔덕동,4
36,전라남도,36020,여수시,36020640,만덕동,29
36,전라남도,36020,여수시,36020650,쌍봉동,7
36,전라남도,36020,여수시,36020660,시전동,14
36,전라남도,36020,여수시,36020670,여천동,16
36,전라남도,36020,여수시,36020680,주삼동,15
36,전라남도,36020,여수시,36020690,삼일동,85
36,전라남도,36020,여수시,36020700,묘도동,6
36,전라남도,36030,순천시,36030110,승주읍,11
36,전라남도,36030,순천시,36030330,외서면,6
36,전라남도,36030,순천시,36030340,낙안면,26
36,전라남도,36030,순천시,36030350,별량면,68
36,전라남도,36030,순천시,36030360,상사면,59
36,전라남도,36030,순천시,36030370,해룡면,5
36,전라남도,36030,순천시,36030380,서면,111
36,전라남도,36030,순천시,36030390,황전면,107
36,전라남도,36030,순천시,36030400,월등면,32
36,전라남도,36030,순천시,36030510,향동,11
36,전라남도,36030,순천시,36030540,매곡동,3
36,전라남도,36030,순천시,36030550,삼산동,11
36,전라남도,36030,순천시,36030570,덕연동,1
36,전라남도,36030,순천시,36030590,남제동,1
36,전라남도,36030,순천시,36030630,도사동,2
36,전라남도,36030,순천시,36030660,왕조1동,1
36,전라남도,36040,나주시,36040370,문평면,2
36,전라남도,36060,광양시,36060110,광양읍,42
36,전라남도,36060,광양시,36060310,봉강면,17
36,전라남도,36060,광양시,36060320,옥룡면,54
36,전라남도,36060,광양시,36060330,옥곡면,40
36,전라남도,36060,광양시,36060340,진상면,39
36,전라남도,36060,광양시,36060350,진월면,27
36,전라남도,36060,광양시,36060360,다압면,80
36,전라남도,36060,광양시,36060510,골약동,47
36,전라남도,36060,광양시,36060530,중마동,6
36,전라남도,36060,광양시,36060540,광영동,2
36,전라남도,36510,담양군,36510320,고서면,2
36,전라남도,36510,담양군,36510340,창평면,25
36,전라남도,36510,담양군,36510350,대덕면,9
36,전라남도,36510,담양군,36510370,금성면,1
36,전라남도,36520,곡성군,36520350,죽곡면,7
36,전라남도,36530,구례군,36530110,구례읍,1
36,전라남도,36530,구례군,36530320,간전면,9
36,전라남도,36530,구례군,36530330,토지면,5
36,전라남도,36530,구례군,36530350,광의면,2
36,전라남도,36530,구례군,36530370,산동면,17
36,전라남도,36550,고흥군,36550380,점암면,2
36,전라남도,36550,고흥군,36550400,과역면,32
36,전라남도,36550,고흥군,36550420,동강면,4
36,전라남도,36560,보성군,36560120,벌교읍,36
36,전라남도,36570,화순군,36570360,도곡면,1
36,전라남도,36620,무안군,36620330,청계면,7
36,전라남도,36630,함평군,36630360,나산면,4
36,전라남도,36630,함평군,36630380,월야면,14
36,전라남도,36650,장성군,36650110,장성읍,25
36,전라남도,36650,장성군,36650310,진원면,5
36,전라남도,36650,장성군,36650320,남면,19
36,전라남도,36650,장성군,36650330,동화면,4
36,전라남도,36650,장성군,36650360,황룡면,3
36,전라남도,36650,장성군,36650370,서삼면,23
37,경상북도,37011,포항시 남구,37011110,구룡포읍,32
37,경상북도,37011,포항시 남구,37011120,연일읍,17
37,경상북도,37011,포항시 남구,37011130,오천읍,8
37,경상북도,37011,포항시 남구,37011310,대송면,19
37,경상북도,37011,포항시 남구,37011320,동해면,39
37,경상북도,37011,포항시 남구,37011330,장기면,71
37,경상북도,37011,포항시 남구,37011350,호미곶면,20
37,경상북도,37011,포항시 남구,37011560,청림동,2
37,경상북도,37011,포항시 남구,37011580,효곡동,9
37,경상북도,37011,포항시 남구,37011590,대이동,10
37,경상북도,37012,포항시 북구,37012110,흥해읍,71
37,경상북도,37012,포항시 북구,37012310,신광면,61
37,경상북도,37012,포항시 북구,37012320,청하면,49
37,경상북도,37012,포항시 북구,37012330,송라면,36
37,경상북도,37012,포항시 북구,37012340,기계면,19
37,경상북도,37012,포항시 북구,37012350,죽장면,45
37,경상북도,37012,포항시 북구,37012360,기북면,17
37,경상북도,37012,포항시 북구,37012580,양학동,2
37,경상북도,37012,포항시 북구,37012610,용흥동,4
37,경상북도,37012,포항시 북구,37012630,우창동,9
37,경상북도,37012,포항시 북구,37012640,두호동,3
37,경상북도,37012,포항시 북구,37012650,장량동,7
37,경상북도,37012,포항시 북구,37012660,환여동,2
37,경상북도,37012,포항시 북구,37012670,중앙동,1
37,경상북도,37020,경주시,37020110,감포읍,35
37,경상북도,37020,경주시,37020120,안강읍,186
37,경상북도,37020,경주시,37020130,건천읍,159
37,경상북도,37020,경주시,37020140,외동읍,138
37,경상북도,37020,경주시,37020320,양남면,44
37,경상북도,37020,경주시,37020330,내남면,245
37,경상북도,37020,경주시,37020340,산내면,233
37,경상북도,37020,경주시,37020350,서면,97
37,경상북도,37020,경주시,37020360,현곡면,89
37,경상북도,37020,경주시,37020370,강동면,7
37,경상북도,37020,경주시,37020380,천북면,21
37,경상북도,37020,경주시,37020390,문무대왕면,204
37,경상북도,37020,경주시,37020550,성건동,1
37,경상북도,37020,경주시,37020580,월성동,52
37,경상북도,37020,경주시,37020590,선도동,27
37,경상북도,37020,경주시,37020620,용강동,3
37,경상북도,37020,경주시,37020630,황성동,2
37,경상북도,37020,경주시,37020640,동천동,3
37,경상북도,37020,경주시,37020660,불국동,44
37,경상북도,37020,경주시,37020670,보덕동,78
37,경상북도,37020,경주시,37020690,황남동,23
37,경상북도,37030,김천시,37030110,아포읍,96
37,경상북도,37030,김천시,37030310,농소면,18
37,경상북도,37030,김천시,37030320,남면,53
37,경상북도,37030,김천시,37030330,개령면,31
37,경상북도,37030,김천시,37030340,감문면,152
37,경상북도,37030,김천시,37030350,어모면,64
37,경상북도,37030,김천시,37030370,대항면,2
37,경상북도,37030,김천시,37030380,감천면,3
37,경상북도,37030,김천시,37030390,조마면,56
37,경상북도,37030,김천시,37030400,구성면,130
37,경상북도,37030,김천시,37030550,양금동,9
37,경상북도,37030,김천시,37030560,대신동,6
37,경상북도,37030,김천시,37030590,지좌동,2
37,경상북도,37030,김천시,37030620,율곡동,6
37,경상북도,37040,안동시,37040110,풍산읍,184
37,경상북도,37040,안동시,37040310,와룡면,277
37,경상북도,37040,안동시,37040320,북후면,235
37,경상북도,37040,안동시,37040330,서후면,182
37,경상북도,37040,안동시,37040340,풍천면,6
37,경상북도,37040,안동시,37040350,일직면,89
37,경상북도,37040,안동시,37040360,남후면,102
37,경상북도,37040,안동시,37040370,남선면,119
37,경상북도,37040,안동시,37040380,임하면,261
37,경상북도,37040,안동시,37040390,길안면,97
37,경상북도,37040,안동시,37040400,임동면,282
37,경상북도,37040,안동시,37040410,예안면,325
37,경상북도,37040,안동시,37040420,도산면,251
37,경상북도,37040,안동시,37040430,녹전면,142
37,경상북도,37040,안동시,37040510,중구동,12
37,경상북도,37040,안동시,37040520,명륜동,30
37,경상북도,37040,안동시,37040540,용상동,95
37,경상북도,37040,안동시,37040560,태화동,5
37,경상북도,37040,안동시,37040580,평화동,3
37,경상북도,37040,안동시,37040590,안기동,30
37,경상북도,37040,안동시,37040600,옥동,17
37,경상북도,37040,안동시,37040610,송하동,35
37,경상북도,37040,안동시,37040620,서구동,1
37,경상북도,37040,안동시,37040630,강남동,37
37,경상북도,37050,구미시,37050110,선산읍,16
37,경상북도,37050,구미시,37050120,고아읍,10
37,경상북도,37050,구미시,37050130,산동읍,26
37,경상북도,37050,구미시,37050310,무을면,82
37,경상북도,37050,구미시,37050320,옥성면,109
37,경상북도,37050,구미시,37050330,도개면,46
37,경상북도,37050,구미시,37050340,해평면,9
37,경상북도,37050,구미시,37050360,장천면,29
37,경상북도,37050,구미시,37050510,송정동,2
37,경상북도,37050,구미시,37050570,선주원남동,19
37,경상북도,37050,구미시,37050590,형곡1동,4
37,경상북도,37050,구미시,37050600,형곡2동,4
37,경상북도,37050,구미시,37050620,신평2동,1
37,경상북도,37050,구미시,37050670,상모사곡동,5
37,경상북도,37050,구미시,37050690,임오동,2
37,경상북도,37050,구미시,37050700,인동동,9
37,경상북도,37050,구미시,37050710,진미동,2
37,경상북도,37050,구미시,37050720,양포동,3
37,경상북도,37050,구미시,37050730,비산동,4
37,경상북도,37050,구미시,37050740,공단동,1
37,경상북도,37060,영주시,37060310,이산면,163
37,경상북도,37060,영주시,37060320,평은면,182
37,경상북도,37060,영주시,37060330,문수면,110
37,경상북도,37060,영주시,37060340,장수면,56
37,경상북도,37060,영주시,37060510,상망동,11
37,경상북도,37060,영주시,37060530,하망동,3
37,경상북도,37060,영주시,37060590,휴천1동,18
37,경상북도,37060,영주시,37060600,휴천2동,5
37,경상북도,37060,영주시,37060610,휴천3동,31
37,경상북도,37060,영주시,37060620,가흥1동,16
37,경상북도,37070,영천시,37070110,금호읍,20
37,경상북도,37070,영천시,37070310,청통면,13
37,경상북도,37070,영천시,37070320,신녕면,21
37,경상북도,37070,영천시,37070330,화산면,34
37,경상북도,37070,영천시,37070340,화북면,57
37,경상북도,37070,영천시,37070350,화남면,65
37,경상북도,37070,영천시,37070360,자양면,36
37,경상북도,37070,영천시,37070370,임고면,111
37,경상북도,37070,영천시,37070380,고경면,269
37,경상북도,37070,영천시,37070390,북안면,71
37,경상북도,37070,영천시,37070400,대창면,69
37,경상북도,37070,영천시,37070520,중앙동,33
37,경상북도,37070,영천시,37070530,서부동,13
37,경상북도,37070,영천시,37070550,남부동,23
37,경상북도,37080,상주시,37080110,함창읍,47
37,경상북도,37080,상주시,37080320,중동면,20
37,경상북도,37080,상주시,37080330,낙동면,34
37,경상북도,37080,상주시,37080340,청리면,18
37,경상북도,37080,상주시,37080350,공성면,1
37,경상북도,37080,상주시,37080360,외남면,1
37,경상북도,37080,상주시,37080430,외서면,39
37,경상북도,37080,상주시,37080440,은척면,27
37,경상북도,37080,상주시,37080450,공검면,55
37,경상북도,37080,상주시,37080460,이안면,66
37,경상북도,37080,상주시,37080480,사벌국면,66
37,경상북도,37080,상주시,37080520,남원동,1
37,경상북도,37080,상주시,37080570,신흥동,1
37,경상북도,37090,문경시,37090310,영순면,79
37,경상북도,37090,문경시,37090320,산양면,70
37,경상북도,37090,문경시,37090330,호계면,91
37,경상북도,37090,문경시,37090340,산북면,25
37,경상북도,37090,문경시,37090360,마성면,8
37,경상북도,37090,문경시,37090570,점촌1동,1
37,경상북도,37090,문경시,37090590,점촌3동,14
37,경상북도,37090,문경시,37090600,점촌4동,12
37,경상북도,37090,문경시,37090610,점촌5동,2
37,경상북도,37100,경산시,37100120,진량읍,57
37,경상북도,37100,경산시,37100320,자인면,29
37,경상북도,37100,경산시,37100330,용성면,63
37,경상북도,37100,경산시,37100340,남산면,68
37,경상북도,37100,경산시,37100520,동부동,6
37,경상북도,37520,의성군,37520110,의성읍,138
37,경상북도,37520,의성군,37520310,단촌면,74
37,경상북도,37520,의성군,37520320,점곡면,32
37,경상북도,37520,의성군,37520340,사곡면,31
37,경상북도,37520,의성군,37520370,금성면,39
37,경상북도,37520,의성군,37520380,봉양면,147
37,경상북도,37520,의성군,37520390,비안면,131
37,경상북도,37520,의성군,37520400,구천면,105
37,경상북도,37520,의성군,37520410,단밀면,65
37,경상북도,37520,의성군,37520420,단북면,1
37,경상북도,37520,의성군,37520430,안계면,90
37,경상북도,37520,의성군,37520440,다인면,5
37,경상북도,37520,의성군,37520460,안평면,77
37,경상북도,37520,의성군,37520470,안사면,11
37,경상북도,37530,청송군,37530370,진보면,1
37,경상북도,37550,영덕군,37550320,남정면,18
37,경상북도,37550,영덕군,37550330,달산면,4
37,경상북도,37550,영덕군,37550350,축산면,72
37,경상북도,37550,영덕군,37550360,영해면,41
37,경상북도,37550,영덕군,37550370,병곡면,75
37,경상북도,37550,영덕군,37550380,창수면,82
37,경상북도,37560,청도군,37560110,화양읍,38
37,경상북도,37560,청도군,37560120,청도읍,87
37,경상북도,37560,청도군,37560310,각남면,23
37,경상북도,37560,청도군,37560320,풍각면,103
37,경상북도,37560,청도군,37560330,각북면,82
37,경상북도,37560,청도군,37560340,이서면,36
37,경상북도,37560,청도군,37560350,운문면,152
37,경상북도,37560,청도군,37560360,금천면,91
37,경상북도,37560,청도군,37560370,매전면,60
37,경상북도,37570,고령군,37570120,대가야읍,116
37,경상북도,37570,고령군,37570310,덕곡면,102
37,경상북도,37570,고령군,37570320,운수면,51
37,경상북도,37570,고령군,37570330,성산면,127
37,경상북도,37570,고령군,37570340,다산면,4
37,경상북도,37570,고령군,37570350,개진면,115
37,경상북도,37570,고령군,37570360,우곡면,134
37,경상북도,37570,고령군,37570370,쌍림면,257
37,경상북도,37580,성주군,37580110,성주읍,62
37,경상북도,37580,성주군,37580310,선남면,63
37,경상북도,37580,성주군,37580320,용암면,99
37,경상북도,37580,성주군,37580330,수륜면,125
37,경상북도,37580,성주군,37580340,가천면,2
37,경상북도,37580,성주군,37580351,금수강산면,1
37,경상북도,37580,성주군,37580360,대가면,13
37,경상북도,37580,성주군,37580370,벽진면,13
37,경상북도,37580,성주군,37580380,초전면,63
37,경상북도,37580,성주군,37580390,월항면,55
37,경상북도,37590,칠곡군,37590110,왜관읍,60
37,경상북도,37590,칠곡군,37590120,북삼읍,34
37,경상북도,37590,칠곡군,37590130,석적읍,57
37,경상북도,37590,칠곡군,37590310,지천면,150
37,경상북도,37590,칠곡군,37590320,동명면,120
37,경상북도,37590,칠곡군,37590330,가산면,134
37,경상북도,37590,칠곡군,37590360,약목면,30
37,경상북도,37590,칠곡군,37590370,기산면,54
37,경상북도,37600,예천군,37600121,호명읍,42
37,경상북도,37600,예천군,37600340,감천면,49
37,경상북도,37600,예천군,37600350,보문면,165
37,경상북도,37600,예천군,37600380,용궁면,3
37,경상북도,37600,예천군,37600410,풍양면,42
37,경상북도,37610,봉화군,37610110,봉화읍,145
37,경상북도,37610,봉화군,37610310,물야면,13
37,경상북도,37610,봉화군,37610320,봉성면,78
37,경상북도,37610,봉화군,37610330,법전면,3
37,경상북도,37610,봉화군,37610370,재산면,3
37,경상북도,37610,봉화군,37610380,명호면,42
37,경상북도,37610,봉화군,37610390,상운면,199
38,경상남도,38030,진주시,38030110,문산읍,74
38,경상남도,38030,진주시,38030310,내동면,24
38,경상남도,38030,진주시,38030320,정촌면,42
38,경상남도,38030,진주시,38030330,금곡면,81
38,경상남도,38030,진주시,38030340,진성면,54
38,경상남도,38030,진주시,38030350,일반성면,35
38,경상남도,38030,진주시,38030360,이반성면,54
38,경상남도,38030,진주시,38030370,사봉면,40
38,경상남도,38030,진주시,38030380,지수면,33
38,경상남도,38030,진주시,38030390,대곡면,54
38,경상남도,38030,진주시,38030400,금산면,38
38,경상남도,38030,진주시,38030410,집현면,63
38,경상남도,38030,진주시,38030420,미천면,94
38,경상남도,38030,진주시,38030430,명석면,90
38,경상남도,38030,진주시,38030440,대평면,92
38,경상남도,38030,진주시,38030450,수곡면,94
38,경상남도,38030,진주시,38030650,상평동,1
38,경상남도,38030,진주시,38030660,초장동,13
38,경상남도,38030,진주시,38030670,평거동,4
38,경상남도,38030,진주시,38030680,신안동,1
38,경상남도,38030,진주시,38030690,이현동,4
38,경상남도,38030,진주시,38030700,판문동,17
38,경상남도,38030,진주시,38030710,가호동,22
38,경상남도,38030,진주시,38030720,천전동,10
38,경상남도,38030,진주시,38030730,성북동,2
38,경상남도,38030,진주시,38030740,중앙동,3
38,경상남도,38030,진주시,38030750,상봉동,3
38,경상남도,38030,진주시,38030760,충무공동,3
38,경상남도,38030,진주시,38030770,상대동,2
38,경상남도,38030,진주시,38030780,하대동,3
38,경상남도,38050,통영시,38050110,산양읍,50
38,경상남도,38050,통영시,38050310,용남면,22
38,경상남도,38050,통영시,38050320,도산면,100
38,경상남도,38050,통영시,38050330,광도면,53
38,경상남도,38050,통영시,38050340,욕지면,11
38,경상남도,38050,통영시,38050350,한산면,64
38,경상남도,38050,통영시,38050520,명정동,3
38,경상남도,38050,통영시,38050540,정량동,3
38,경상남도,38050,통영시,38050560,무전동,3
38,경상남도,38050,통영시,38050620,도천동,4
38,경상남도,38050,통영시,38050640,봉평동,2
38,경상남도,38060,사천시,38060110,사천읍,8
38,경상남도,38060,사천시,38060310,정동면,37
38,경상남도,38060,사천시,38060320,사남면,41
38,경상남도,38060,사천시,38060330,용현면,25
38,경상남도,38060,사천시,38060340,축동면,14
38,경상남도,38060,사천시,38060350,곤양면,4
38,경상남도,38060,사천시,38060360,곤명면,73
38,경상남도,38060,사천시,38060370,서포면,20
38,경상남도,38060,사천시,38060510,동서동,4
38,경상남도,38060,사천시,38060520,선구동,2
38,경상남도,38060,사천시,38060530,동서금동,1
38,경상남도,38060,사천시,38060550,벌용동,4
38,경상남도,38060,사천시,38060570,향촌동,2
38,경상남도,38060,사천시,38060590,남양동,17
38,경상남도,38070,김해시,38070110,진영읍,16
38,경상남도,38070,김해시,38070320,주촌면,3
38,경상남도,38070,김해시,38070330,진례면,20
38,경상남도,38070,김해시,38070340,한림면,13
38,경상남도,38070,김해시,38070350,생림면,9
38,경상남도,38070,김해시,38070360,상동면,43
38,경상남도,38070,김해시,38070370,대동면,6
38,경상남도,38070,김해시,38070510,동상동,4
38,경상남도,38070,김해시,38070540,내외동,2
38,경상남도,38070,김해시,38070550,북부동,4
38,경상남도,38070,김해시,38070590,삼안동,2
38,경상남도,38070,김해시,38070600,불암동,1
38,경상남도,38070,김해시,38070610,장유1동,15
38,경상남도,38070,김해시,38070620,장유2동,18
38,경상남도,38070,김해시,38070630,장유3동,18
38,경상남도,38080,밀양시,38080110,삼랑진읍,11
38,경상남도,38080,밀양시,38080120,하남읍,1
38,경상남도,38080,밀양시,38080310,부북면,32
38,경상남도,38080,밀양시,38080320,상동면,32
38,경상남도,38080,밀양시,38080330,산외면,14
38,경상남도,38080,밀양시,38080340,산내면,50
38,경상남도,38080,밀양시,38080350,단장면,180
38,경상남도,38080,밀양시,38080360,상남면,3
38,경상남도,38080,밀양시,38080370,초동면,5
38,경상남도,38080,밀양시,38080380,무안면,123
38,경상남도,38080,밀양시,38080390,청도면,32
38,경상남도,38080,밀양시,38080510,내일동,3
38,경상남도,38080,밀양시,38080540,삼문동,1
38,경상남도,38090,거제시,38090310,일운면,32
38,경상남도,38090,거제시,38090320,동부면,51
38,경상남도,38090,거제시,38090330,남부면,74
38,경상남도,38090,거제시,38090340,거제면,36
38,경상남도,38090,거제시,38090350,둔덕면,35
38,경상남도,38090,거제시,38090360,사등면,31
38,경상남도,38090,거제시,38090370,연초면,34
38,경상남도,38090,거제시,38090380,하청면,51
38,경상남도,38090,거제시,38090390,장목면,55
38,경상남도,38090,거제시,38090530,능포동,10
38,경상남도,38090,거제시,38090540,아주동,14
38,경상남도,38090,거제시,38090560,옥포2동,7
38,경상남도,38090,거제시,38090570,장평동,4
38,경상남도,38090,거제시,38090580,고현동,2
38,경상남도,38090,거제시,38090610,장승포동,4
38,경상남도,38100,양산시,38100120,물금읍,10
38,경상남도,38100,양산시,38100310,동면,59
38,경상남도,38100,양산시,38100320,원동면,175
38,경상남도,38100,양산시,38100330,상북면,80
38,경상남도,38100,양산시,38100340,하북면,103
38,경상남도,38100,양산시,38100520,삼성동,36
38,경상남도,38100,양산시,38100530,강서동,41
38,경상남도,38100,양산시,38100540,서창동,25
38,경상남도,38100,양산시,38100550,소주동,38
38,경상남도,38100,양산시,38100560,평산동,20
38,경상남도,38100,양산시,38100570,덕계동,30
38,경상남도,38100,양산시,38100580,중앙동,25
38,경상남도,38111,창원시 의창구,38111110,동읍,46
38,경상남도,38111,창원시 의창구,38111310,북면,78
38,경상남도,38111,창원시 의창구,38111510,의창동,23
38,경상남도,38111,창원시 의창구,38111520,팔룡동,22
38,경상남도,38111,창원시 의창구,38111530,명곡동,12
38,경상남도,38111,창원시 의창구,38111540,봉림동,5
38,경상남도,38112,창원시 성산구,38112510,반송동,3
38,경상남도,38112,창원시 성산구,38112520,중앙동,1
38,경상남도,38112,창원시 성산구,38112530,상남동,1
38,경상남도,38112,창원시 성산구,38112540,사파동,3
38,경상남도,38112,창원시 성산구,38112560,성주동,24
38,경상남도,38112,창원시 성산구,38112570,웅남동,44
38,경상남도,38112,창원시 성산구,38112580,용지동,4
38,경상남도,38113,창원시 마산합포구,38113310,구산면,114
38,경상남도,38113,창원시 마산합포구,38113320,진동면,69
38,경상남도,38113,창원시 마산합포구,38113330,진북면,50
38,경상남도,38113,창원시 마산합포구,38113340,진전면,125
38,경상남도,38113,창원시 마산합포구,38113510,현동,47
38,경상남도,38113,창원시 마산합포구,38113520,가포동,13
38,경상남도,38113,창원시 마산합포구,38113530,월영동,5
38,경상남도,38113,창원시 마산합포구,38113570,완월동,3
38,경상남도,38113,창원시 마산합포구,38113580,자산동,5
38,경상남도,38113,창원시 마산합포구,38113640,합포동,1
38,경상남도,38113,창원시 마산합포구,38113650,산호동,2
38,경상남도,38113,창원시 마산합포구,38113660,반월중앙동,1
38,경상남도,38113,창원시 마산합포구,38113680,교방동,4
38,경상남도,38114,창원시 마산회원구,38114110,내서읍,66
38,경상남도,38114,창원시 마산회원구,38114510,회원1동,2
38,경상남도,38114,창원시 마산회원구,38114520,회원2동,5
38,경상남도,38114,창원시 마산회원구,38114550,회성동,7
38,경상남도,38114,창원시 마산회원구,38114560,양덕1동,1
38,경상남도,38114,창원시 마산회원구,38114570,양덕2동,2
38,경상남도,38114,창원시 마산회원구,38114580,합성1동,6
38,경상남도,38114,창원시 마산회원구,38114600,구암1동,1
38,경상남도,38114,창원시 마산회원구,38114610,구암2동,2
38,경상남도,38114,창원시 마산회원구,38114620,봉암동,9
38,경상남도,38114,창원시 마산회원구,38114630,석전동,2
38,경상남도,38115,창원시 진해구,38115540,여좌동,4
38,경상남도,38115,창원시 진해구,38115600,자은동,2
38,경상남도,38115,창원시 진해구,38115610,덕산동,1
38,경상남도,38115,창원시 진해구,38115620,풍호동,10
38,경상남도,38115,창원시 진해구,38115630,웅천동,30
38,경상남도,38115,창원시 진해구,38115640,웅동1동,13
38,경상남도,38115,창원시 진해구,38115650,웅동2동,5
38,경상남도,38115,창원시 진해구,38115660,충무동,19
38,경상남도,38510,의령군,38510110,의령읍,4
38,경상남도,38510,의령군,38510310,가례면,1
38,경상남도,38510,의령군,38510330,대의면,24
38,경상남도,38510,의령군,38510340,화정면,20
38,경상남도,38510,의령군,38510350,용덕면,7
38,경상남도,38510,의령군,38510360,정곡면,9
38,경상남도,38510,의령군,38510370,지정면,52
38,경상남도,38510,의령군,38510380,낙서면,20
38,경상남도,38510,의령군,38510390,부림면,31
38,경상남도,38510,의령군,38510400,봉수면,15
38,경상남도,38510,의령군,38510410,궁류면,9
38,경상남도,38510,의령군,38510420,유곡면,8
38,경상남도,38520,함안군,38520110,가야읍,85
38,경상남도,38520,함안군,38520120,칠원읍,69
38,경상남도,38520,함안군,38520310,함안면,52
38,경상남도,38520,함안군,38520320,군북면,110
38,경상남도,38520,함안군,38520330,법수면,17
38,경상남도,38520,함안군,38520340,대산면,86
38,경상남도,38520,함안군,38520350,칠서면,26
38,경상남도,38520,함안군,38520360,칠북면,20
38,경상남도,38520,함안군,38520380,산인면,79
38,경상남도,38520,함안군,38520390,여항면,21
38,경상남도,38530,창녕군,38530110,창녕읍,8
38,경상남도,38530,창녕군,38530120,남지읍,88
38,경상남도,38530,창녕군,38530310,고암면,12
38,경상남도,38530,창녕군,38530320,성산면,40
38,경상남도,38530,창녕군,38530330,대합면,22
38,경상남도,38530,창녕군,38530340,이방면,106
38,경상남도,38530,창녕군,38530350,유어면,24
38,경상남도,38530,창녕군,38530360,대지면,15
38,경상남도,38530,창녕군,38530370,계성면,26
38,경상남도,38530,창녕군,38530380,영산면,29
38,경상남도,38530,창녕군,38530390,장마면,45
38,경상남도,38530,창녕군,38530400,도천면,28
38,경상남도,38530,창녕군,38530410,길곡면,37
38,경상남도,38530,창녕군,38530420,부곡면,68
38,경상남도,38540,고성군,38540110,고성읍,61
38,경상남도,38540,고성군,38540310,삼산면,88
38,경상남도,38540,고성군,38540320,하일면,45
38,경상남도,38540,고성군,38540330,하이면,46
38,경상남도,38540,고성군,38540340,상리면,48
38,경상남도,38540,고성군,38540350,대가면,60
38,경상남도,38540,고성군,38540360,영현면,60
38,경상남도,38540,고성군,38540370,영오면,40
38,경상남도,38540,고성군,38540380,개천면,48
38,경상남도,38540,고성군,38540390,구만면,32
38,경상남도,38540,고성군,38540400,회화면,57
38,경상남도,38540,고성군,38540410,마암면,67
38,경상남도,38540,고성군,38540420,동해면,103
38,경상남도,38540,고성군,38540430,거류면,36
38,경상남도,38550,남해군,38550110,남해읍,30
38,경상남도,38550,남해군,38550310,이동면,23
38,경상남도,38550,남해군,38550330,삼동면,9
38,경상남도,38550,남해군,38550350,남면,59
38,경상남도,38550,남해군,38550360,서면,47
38,경상남도,38550,남해군,38550370,고현면,81
38,경상남도,38550,남해군,38550380,설천면,57
38,경상남도,38550,남해군,38550390,창선면,59
38,경상남도,38560,하동군,38560110,하동읍,56
38,경상남도,38560,하동군,38560310,화개면,64
38,경상남도,38560,하동군,38560320,악양면,77
38,경상남도,38560,하동군,38560330,적량면,59
38,경상남도,38560,하동군,38560340,횡천면,87
38,경상남도,38560,하동군,38560350,고전면,17
38,경상남도,38560,하동군,38560360,금남면,59
38,경상남도,38560,하동군,38560370,금성면,10
38,경상남도,38560,하동군,38560380,진교면,42
38,경상남도,38560,하동군,38560390,양보면,45
38,경상남도,38560,하동군,38560400,북천면,91
38,경상남도,38560,하동군,38560410,청암면,49
38,경상남도,38560,하동군,38560420,옥종면,95
38,경상남도,38570,산청군,38570110,산청읍,4
38,경상남도,38570,산청군,38570370,단성면,38
38,경상남도,38570,산청군,38570380,신안면,5
38,경상남도,38570,산청군,38570390,생비량면,23
38,경상남도,38580,함양군,38580390,백전면,2
38,경상남도,38590,거창군,38590370,남상면,8
38,경상남도,38590,거창군,38590380,남하면,3
38,경상남도,38600,합천군,38600110,합천읍,62
38,경상남도,38600,합천군,38600320,묘산면,24
38,경상남도,38600,합천군,38600340,야로면,113
38,경상남도,38600,합천군,38600350,율곡면,114
38,경상남도,38600,합천군,38600360,초계면,16
38,경상남도,38600,합천군,38600370,쌍책면,83
38,경상남도,38600,합천군,38600380,덕곡면,53
38,경상남도,38600,합천군,38600390,청덕면,59
38,경상남도,38600,합천군,38600400,적중면,9
38,경상남도,38600,합천군,38600410,대양면,1
38,경상남도,38600,합천군,38600420,쌍백면,3
38,경상남도,38600,합천군,38600430,삼가면,23
39,제주특별자치도,39010,제주시,39010110,한림읍,3
39,제주특별자치도,39010,제주시,39010120,애월읍,42
39,제주특별자치도,39010,제주시,39010130,구좌읍,11
39,제주특별자치도,39010,제주시,39010140,조천읍,14
39,제주특별자치도,39010,제주시,39010310,한경면,8
39,제주특별자치도,39010,제주시,39010330,우도면,2
39,제주특별자치도,39010,제주시,39010540,이도2동,8
39,제주특별자치도,39010,제주시,39010580,용담2동,2
39,제주특별자치도,39010,제주시,39010600,화북동,2
39,제주특별자치도,39010,제주시,39010610,삼양동,3
39,제주특별자치도,39010,제주시,39010620,봉개동,8
39,제주특별자치도,39010,제주시,39010630,아라동,10
39,제주특별자치도,39010,제주시,39010640,오라동,9
39,제주특별자치도,39010,제주시,39010650,연동,1
39,제주특별자치도,39010,제주시,39010660,노형동,6
39,제주특별자치도,39010,제주시,39010670,외도동,7
39,제주특별자치도,39010,제주시,39010680,이호동,3
39,제주특별자치도,39010,제주시,39010690,도두동,7
39,제주특별자치도,39020,서귀포시,39020110,대정읍,10
39,제주특별자치도,39020,서귀포시,39020120,남원읍,101
39,제주특별자치도,39020,서귀포시,39020310,안덕면,6
39,제주특별자치도,39020,서귀포시,39020320,표선면,127
39,제주특별자치도,39020,서귀포시,39020540,천지동,3
39,제주특별자치도,39020,서귀포시,39020550,효돈동,1
39,제주특별자치도,39020,서귀포시,39020560,영천동,23
39,제주특별자치도,39020,서귀포시,39020570,동홍동,6
39,제주특별자치도,39020,서귀포시,39020580,서홍동,1
39,제주특별자치도,39020,서귀포시,39020590,대륜동,2
39,제주특별자치도,39020,서귀포시,39020600,대천동,11
39,제주특별자치도,39020,서귀포시,39020610,중문동,3
39,제주특별자치도,39020,서귀포시,39020620,예래동,1
